portal_event_id,portal_session_id,client_id,portal_user_id,portal_user_role,client_contact_email_domain,event_datetime,channel,request_reference,event_type,case_priority,first_response_hours,sla_breach_flag,case_status,effective_at,updated_at
CRM-0000001,PORTAL-SESSION-0000001,CLI-0018,PORTAL-USER-00048,Driver Coordinator,professional-services-client-18.example.com,2025-02-02T00:00:00,Client Portal,REQ-0000001,Quote Request,Medium,33.2,Y,Resolved,2026-05-24T14:59:00,2026-05-25T08:01:00
CRM-0000002,PORTAL-SESSION-0000002,CLI-0005,PORTAL-USER-00024,Driver Coordinator,healthcare-client-05.example.com,2025-02-03T09:00:00,Phone,REQ-0000002,Renewal Discussion,High,4.4,N,Escalated,2026-05-24T14:58:00,2026-05-25T08:02:00
CRM-0000003,PORTAL-SESSION-0000003,CLI-0004,PORTAL-USER-00051,Fleet Manager,utilities-client-04.example.com,2026-01-29T06:00:00,Phone,REQ-0000003,Vehicle Order,Medium,7.2,N,Open,2026-05-24T14:57:00,2026-05-25T08:03:00
CRM-0000004,PORTAL-SESSION-0000004,CLI-0012,PORTAL-USER-00020,Executive Viewer,government-client-12.example.com,2025-06-29T22:00:00,CRM Case,REQ-0000004,Renewal Discussion,Medium,21.7,N,Open,2026-05-24T14:56:00,2026-05-25T08:04:00
CRM-0000005,PORTAL-SESSION-0000005,CLI-0008,PORTAL-USER-00048,Driver Coordinator,government-client-08.example.com,2025-06-26T04:00:00,CRM Case,REQ-0000005,Vehicle Order,High,6.2,Y,Resolved,2026-05-24T14:55:00,2026-05-25T08:05:00
CRM-0000006,PORTAL-SESSION-0000006,CLI-0007,PORTAL-USER-00078,Finance User,utilities-client-07.example.com,2026-04-03T16:00:00,Client Portal,REQ-0000006,Invoice Query,Critical,30.7,N,Escalated,2026-05-24T14:54:00,2026-05-25T08:06:00
CRM-0000007,PORTAL-SESSION-0000007,CLI-0005,PORTAL-USER-00055,Fleet Manager,healthcare-client-05.example.com,2025-04-27T13:00:00,Email,REQ-0000007,Quote Request,Low,14.4,N,Open,2026-05-24T14:53:00,2026-05-25T08:07:00
CRM-0000008,PORTAL-SESSION-0000008,CLI-0017,PORTAL-USER-00078,Executive Viewer,construction-client-17.example.com,2025-04-06T12:00:00,Client Portal,REQ-0000008,Report Download,High,29.9,N,Open,2026-05-24T14:52:00,2026-05-25T08:08:00
CRM-0000009,PORTAL-SESSION-0000009,CLI-0004,PORTAL-USER-00016,Finance User,utilities-client-04.example.com,2025-01-08T15:00:00,Phone,REQ-0000009,Quote Request,Critical,23.2,N,Resolved,2026-05-25T14:59:00,2026-05-26T08:01:00
CRM-0000010,PORTAL-SESSION-0000010,CLI-0003,PORTAL-USER-00086,Executive Viewer,healthcare-client-03.example.com,2026-05-09T15:00:00,Email,REQ-0000010,Report Download,Critical,28.1,Y,Resolved,2026-05-25T14:58:00,2026-05-26T08:02:00
CRM-0000011,PORTAL-SESSION-0000011,CLI-0015,PORTAL-USER-00017,Finance User,healthcare-client-15.example.com,2026-01-21T08:00:00,CRM Case,REQ-0000011,Vehicle Order,High,5.2,N,Pending Client,2026-05-25T14:57:00,2026-05-26T08:03:00
CRM-0000012,PORTAL-SESSION-0000012,CLI-0004,PORTAL-USER-00038,Driver Coordinator,utilities-client-04.example.com,2026-01-22T19:00:00,CRM Case,REQ-0000012,Invoice Query,High,25.9,N,Resolved,2026-05-25T14:56:00,2026-05-26T08:04:00
CRM-0000013,PORTAL-SESSION-0000013,CLI-0012,PORTAL-USER-00049,Finance User,government-client-12.example.com,2025-07-27T01:00:00,Email,REQ-0000013,Vehicle Order,Critical,23.7,Y,Resolved,2026-05-25T14:55:00,2026-05-26T08:05:00
CRM-0000014,PORTAL-SESSION-0000014,CLI-0016,PORTAL-USER-00009,Fleet Manager,government-client-16.example.com,2026-03-19T07:00:00,Client Portal,REQ-0000014,Invoice Query,Low,24.6,Y,Escalated,2026-05-25T14:54:00,2026-05-26T08:06:00
CRM-0000015,PORTAL-SESSION-0000015,CLI-0008,PORTAL-USER-00086,Driver Coordinator,government-client-08.example.com,2025-01-04T15:00:00,CRM Case,REQ-0000015,Report Download,Critical,27.8,N,Resolved,2026-05-25T14:53:00,2026-05-26T08:07:00
CRM-0000016,PORTAL-SESSION-0000016,CLI-0003,PORTAL-USER-00023,Executive Viewer,healthcare-client-03.example.com,2025-04-23T12:00:00,Client Portal,REQ-0000016,Report Download,Critical,23.9,N,Open,2026-05-25T14:52:00,2026-05-26T08:08:00
CRM-0000017,PORTAL-SESSION-0000017,CLI-0012,PORTAL-USER-00041,Driver Coordinator,government-client-12.example.com,2025-07-17T02:00:00,Phone,REQ-0000017,Quote Request,Critical,11.5,N,Resolved,2026-05-26T14:59:00,2026-05-27T08:01:00
CRM-0000018,PORTAL-SESSION-0000018,CLI-0003,PORTAL-USER-00055,Driver Coordinator,healthcare-client-03.example.com,2025-07-08T02:00:00,Client Portal,REQ-0000018,Quote Request,Critical,11.9,N,Pending Client,2026-05-26T14:58:00,2026-05-27T08:02:00
CRM-0000019,PORTAL-SESSION-0000019,CLI-0003,PORTAL-USER-00049,Finance User,healthcare-client-03.example.com,2025-10-23T23:00:00,Email,REQ-0000019,Maintenance Query,Low,12.9,N,Pending Client,2026-05-26T14:57:00,2026-05-27T08:03:00
CRM-0000020,PORTAL-SESSION-0000020,CLI-0001,PORTAL-USER-00003,Driver Coordinator,professional-services-client-01.example.com,2026-02-20T04:00:00,CRM Case,REQ-0000020,Maintenance Query,High,24.0,N,Open,2026-05-26T14:56:00,2026-05-27T08:04:00
CRM-0000021,PORTAL-SESSION-0000021,CLI-0005,PORTAL-USER-00012,Finance User,healthcare-client-05.example.com,2026-01-09T21:00:00,Email,REQ-0000021,Quote Request,High,20.6,Y,Open,2026-05-26T14:55:00,2026-05-27T08:05:00
CRM-0000022,PORTAL-SESSION-0000022,CLI-0018,PORTAL-USER-00059,Executive Viewer,professional-services-client-18.example.com,2025-10-18T20:00:00,Client Portal,REQ-0000022,Report Download,Low,7.8,N,Open,2026-05-26T14:54:00,2026-05-27T08:06:00
CRM-0000023,PORTAL-SESSION-0000023,CLI-0016,PORTAL-USER-00078,Finance User,government-client-16.example.com,2025-04-29T02:00:00,CRM Case,REQ-0000023,Maintenance Query,Low,24.3,N,Open,2026-05-26T14:53:00,2026-05-27T08:07:00
CRM-0000024,PORTAL-SESSION-0000024,CLI-0017,PORTAL-USER-00061,Executive Viewer,construction-client-17.example.com,2025-10-01T19:00:00,Email,REQ-0000024,Vehicle Order,High,33.9,N,Resolved,2026-05-26T14:52:00,2026-05-27T08:08:00
CRM-0000025,PORTAL-SESSION-0000025,CLI-0003,PORTAL-USER-00043,Driver Coordinator,healthcare-client-03.example.com,2025-11-19T12:00:00,CRM Case,REQ-0000025,Quote Request,Critical,6.6,N,Resolved,2026-05-27T14:59:00,2026-05-28T08:01:00
CRM-0000026,PORTAL-SESSION-0000026,CLI-0006,PORTAL-USER-00009,Driver Coordinator,utilities-client-06.example.com,2025-03-03T18:00:00,Client Portal,REQ-0000026,Invoice Query,Low,29.1,N,Escalated,2026-05-27T14:58:00,2026-05-28T08:02:00
CRM-0000027,PORTAL-SESSION-0000027,CLI-0015,PORTAL-USER-00062,Fleet Manager,healthcare-client-15.example.com,2026-02-14T09:00:00,Client Portal,REQ-0000027,Quote Request,High,15.2,Y,Open,2026-05-27T14:57:00,2026-05-28T08:03:00
CRM-0000028,PORTAL-SESSION-0000028,CLI-0010,PORTAL-USER-00056,Executive Viewer,government-client-10.example.com,2025-10-06T21:00:00,Phone,REQ-0000028,Invoice Query,Low,21.4,N,Pending Client,2026-05-27T14:56:00,2026-05-28T08:04:00
CRM-0000029,PORTAL-SESSION-0000029,CLI-0007,PORTAL-USER-00055,Fleet Manager,utilities-client-07.example.com,2025-07-17T11:00:00,Email,REQ-0000029,Invoice Query,Medium,0.9,N,Escalated,2026-05-27T14:55:00,2026-05-28T08:05:00
CRM-0000030,PORTAL-SESSION-0000030,CLI-0008,PORTAL-USER-00005,Executive Viewer,government-client-08.example.com,2025-08-29T06:00:00,Email,REQ-0000030,Report Download,Low,22.2,Y,Open,2026-05-27T14:54:00,2026-05-28T08:06:00
CRM-0000031,PORTAL-SESSION-0000031,CLI-0004,PORTAL-USER-00073,Driver Coordinator,utilities-client-04.example.com,2026-03-28T20:00:00,CRM Case,REQ-0000031,Report Download,Low,8.1,N,Pending Client,2026-05-27T14:53:00,2026-05-28T08:07:00
CRM-0000032,PORTAL-SESSION-0000032,CLI-0012,PORTAL-USER-00002,Finance User,government-client-12.example.com,2025-10-31T14:00:00,Email,REQ-0000032,Invoice Query,Medium,5.9,N,Open,2026-05-27T14:52:00,2026-05-28T08:08:00
CRM-0000033,PORTAL-SESSION-0000033,CLI-0007,PORTAL-USER-00031,Fleet Manager,utilities-client-07.example.com,2025-08-07T09:00:00,Email,REQ-0000033,Report Download,High,33.0,N,Escalated,2025-08-07T09:00:00,2025-08-12T09:00:00
CRM-0000034,PORTAL-SESSION-0000034,CLI-0010,PORTAL-USER-00056,Finance User,government-client-10.example.com,2025-07-31T21:00:00,Email,REQ-0000034,Invoice Query,High,31.5,N,Pending Client,2025-07-31T21:00:00,2025-08-04T21:00:00
CRM-0000035,PORTAL-SESSION-0000035,CLI-0009,PORTAL-USER-00040,Fleet Manager,professional-services-client-09.example.com,2026-02-07T02:00:00,Phone,REQ-0000035,Report Download,Medium,27.1,N,Resolved,2026-02-07T02:00:00,2026-02-11T02:00:00
CRM-0000036,PORTAL-SESSION-0000036,CLI-0015,PORTAL-USER-00074,Driver Coordinator,healthcare-client-15.example.com,2025-05-26T07:00:00,Phone,REQ-0000036,Invoice Query,Low,19.0,N,Pending Client,2025-05-26T07:00:00,2025-05-29T07:00:00
CRM-0000037,PORTAL-SESSION-0000037,CLI-0002,PORTAL-USER-00065,Executive Viewer,utilities-client-02.example.com,2025-10-31T10:00:00,CRM Case,REQ-0000037,Report Download,Critical,26.1,N,Resolved,2025-10-31T10:00:00,2025-11-01T10:00:00
CRM-0000038,PORTAL-SESSION-0000038,CLI-0008,PORTAL-USER-00002,Executive Viewer,government-client-08.example.com,2025-03-22T03:00:00,CRM Case,REQ-0000038,Quote Request,Medium,4.2,Y,Open,2025-03-22T03:00:00,2025-03-29T03:00:00
CRM-0000039,PORTAL-SESSION-0000039,CLI-0011,PORTAL-USER-00045,Finance User,government-client-11.example.com,2025-06-04T16:00:00,Email,REQ-0000039,Renewal Discussion,Critical,13.4,Y,Pending Client,2025-06-04T16:00:00,2025-06-17T16:00:00
CRM-0000040,PORTAL-SESSION-0000040,CLI-0005,PORTAL-USER-00002,Fleet Manager,healthcare-client-05.example.com,2025-01-20T07:00:00,Email,REQ-0000040,Invoice Query,Critical,30.6,Y,Open,2025-01-20T07:00:00,2025-01-22T07:00:00
CRM-0000041,PORTAL-SESSION-0000041,CLI-0008,PORTAL-USER-00004,Finance User,government-client-08.example.com,2025-10-18T01:00:00,Email,REQ-0000041,Quote Request,Medium,28.1,N,Escalated,2025-10-18T01:00:00,2025-10-23T01:00:00
CRM-0000042,PORTAL-SESSION-0000042,CLI-0013,PORTAL-USER-00068,Executive Viewer,utilities-client-13.example.com,2026-03-19T11:00:00,CRM Case,REQ-0000042,Invoice Query,High,22.6,Y,Open,2026-03-19T11:00:00,2026-03-27T11:00:00
CRM-0000043,PORTAL-SESSION-0000043,CLI-0014,PORTAL-USER-00074,Finance User,professional-services-client-14.example.com,2026-05-13T02:00:00,Client Portal,REQ-0000043,Invoice Query,High,19.9,N,Resolved,2026-05-13T02:00:00,2026-05-24T02:00:00
CRM-0000044,PORTAL-SESSION-0000044,CLI-0011,PORTAL-USER-00029,Fleet Manager,government-client-11.example.com,2025-07-23T12:00:00,Client Portal,REQ-0000044,Vehicle Order,High,1.8,N,Resolved,2025-07-23T12:00:00,2025-08-06T12:00:00
CRM-0000045,PORTAL-SESSION-0000045,CLI-0006,PORTAL-USER-00021,Finance User,utilities-client-06.example.com,2025-04-08T13:00:00,Client Portal,REQ-0000045,Vehicle Order,Medium,11.2,N,Pending Client,2025-04-08T13:00:00,2025-04-12T13:00:00
CRM-0000046,PORTAL-SESSION-0000046,CLI-0014,PORTAL-USER-00014,Fleet Manager,professional-services-client-14.example.com,2025-04-17T20:00:00,Email,REQ-0000046,Vehicle Order,Critical,25.7,Y,Escalated,2025-04-17T20:00:00,2025-04-29T20:00:00
CRM-0000047,PORTAL-SESSION-0000047,CLI-0018,PORTAL-USER-00005,Driver Coordinator,professional-services-client-18.example.com,2026-03-02T00:00:00,CRM Case,REQ-0000047,Report Download,High,13.8,N,Pending Client,2026-03-02T00:00:00,2026-03-16T00:00:00
CRM-0000048,PORTAL-SESSION-0000048,CLI-0003,PORTAL-USER-00063,Executive Viewer,healthcare-client-03.example.com,2025-11-28T21:00:00,Email,REQ-0000048,Quote Request,Critical,9.6,N,Resolved,2025-11-28T21:00:00,2025-12-01T21:00:00
CRM-0000049,PORTAL-SESSION-0000049,CLI-0011,PORTAL-USER-00030,Driver Coordinator,government-client-11.example.com,2025-01-30T04:00:00,Client Portal,REQ-0000049,Vehicle Order,Medium,29.4,N,Escalated,2025-01-30T04:00:00,2025-02-05T04:00:00
CRM-0000050,PORTAL-SESSION-0000050,CLI-0011,PORTAL-USER-00044,Finance User,government-client-11.example.com,2025-04-03T14:00:00,CRM Case,REQ-0000050,Vehicle Order,Medium,18.8,N,Pending Client,2025-04-03T14:00:00,2025-04-03T14:00:00
CRM-0000051,PORTAL-SESSION-0000051,CLI-0005,PORTAL-USER-00043,Executive Viewer,healthcare-client-05.example.com,2025-01-09T04:00:00,Client Portal,REQ-0000051,Vehicle Order,Medium,31.6,N,Open,2025-01-09T04:00:00,2025-01-12T04:00:00
CRM-0000052,PORTAL-SESSION-0000052,CLI-0007,PORTAL-USER-00060,Executive Viewer,utilities-client-07.example.com,2025-05-10T13:00:00,Client Portal,REQ-0000052,Renewal Discussion,Low,24.2,Y,Escalated,2025-05-10T13:00:00,2025-05-15T13:00:00
CRM-0000053,PORTAL-SESSION-0000053,CLI-0001,PORTAL-USER-00019,Executive Viewer,professional-services-client-01.example.com,2025-08-13T13:00:00,Email,REQ-0000053,Invoice Query,Medium,32.4,N,Pending Client,2025-08-13T13:00:00,2025-08-17T13:00:00
CRM-0000054,PORTAL-SESSION-0000054,CLI-0012,PORTAL-USER-00011,Finance User,government-client-12.example.com,2025-04-18T01:00:00,CRM Case,REQ-0000054,Renewal Discussion,High,29.4,N,Pending Client,2025-04-18T01:00:00,2025-04-18T01:00:00
CRM-0000055,PORTAL-SESSION-0000055,CLI-0007,PORTAL-USER-00017,Fleet Manager,utilities-client-07.example.com,2025-05-19T22:00:00,CRM Case,REQ-0000055,Report Download,High,16.6,N,Open,2025-05-19T22:00:00,2025-05-26T22:00:00
CRM-0000056,PORTAL-SESSION-0000056,CLI-0006,PORTAL-USER-00085,Finance User,utilities-client-06.example.com,2026-05-06T05:00:00,Email,REQ-0000056,Quote Request,High,2.2,Y,Resolved,2026-05-06T05:00:00,2026-05-16T05:00:00
CRM-0000057,PORTAL-SESSION-0000057,CLI-0018,PORTAL-USER-00014,Executive Viewer,professional-services-client-18.example.com,2025-08-25T23:00:00,Phone,REQ-0000057,Invoice Query,High,15.0,N,Resolved,2025-08-25T23:00:00,2025-08-25T23:00:00
CRM-0000058,PORTAL-SESSION-0000058,CLI-0013,PORTAL-USER-00070,Finance User,utilities-client-13.example.com,2025-07-04T20:00:00,Phone,REQ-0000058,Vehicle Order,Critical,22.7,N,Open,2025-07-04T20:00:00,2025-07-06T20:00:00
CRM-0000059,PORTAL-SESSION-0000059,CLI-0005,PORTAL-USER-00006,Driver Coordinator,healthcare-client-05.example.com,2025-06-12T19:00:00,Phone,REQ-0000059,Maintenance Query,High,25.7,N,Pending Client,2025-06-12T19:00:00,2025-06-19T19:00:00
CRM-0000060,PORTAL-SESSION-0000060,CLI-0008,PORTAL-USER-00058,Fleet Manager,government-client-08.example.com,2025-11-18T06:00:00,CRM Case,REQ-0000060,Quote Request,Medium,3.1,N,Open,2025-11-18T06:00:00,2025-11-26T06:00:00
CRM-0000061,PORTAL-SESSION-0000061,CLI-0015,PORTAL-USER-00006,Finance User,healthcare-client-15.example.com,2026-05-10T16:00:00,Email,REQ-0000061,Renewal Discussion,Critical,29.1,N,Open,2026-05-10T16:00:00,2026-05-17T16:00:00
CRM-0000062,PORTAL-SESSION-0000062,CLI-0002,PORTAL-USER-00038,Fleet Manager,utilities-client-02.example.com,2026-03-18T15:00:00,CRM Case,REQ-0000062,Report Download,Medium,12.8,N,Resolved,2026-03-18T15:00:00,2026-03-20T15:00:00
CRM-0000063,PORTAL-SESSION-0000063,CLI-0011,PORTAL-USER-00064,Fleet Manager,government-client-11.example.com,2026-01-12T03:00:00,CRM Case,REQ-0000063,Vehicle Order,Medium,32.6,Y,Resolved,2026-01-12T03:00:00,2026-01-15T03:00:00
CRM-0000064,PORTAL-SESSION-0000064,CLI-0008,PORTAL-USER-00024,Finance User,government-client-08.example.com,2025-10-13T14:00:00,Client Portal,REQ-0000064,Invoice Query,High,5.5,N,Escalated,2025-10-13T14:00:00,2025-10-15T14:00:00
CRM-0000065,PORTAL-SESSION-0000065,CLI-0013,PORTAL-USER-00088,Driver Coordinator,utilities-client-13.example.com,2025-12-14T10:00:00,Phone,REQ-0000065,Vehicle Order,Medium,26.7,N,Pending Client,2025-12-14T10:00:00,2025-12-17T10:00:00
CRM-0000066,PORTAL-SESSION-0000066,CLI-0010,PORTAL-USER-00057,Fleet Manager,government-client-10.example.com,2025-05-31T09:00:00,Email,REQ-0000066,Report Download,Critical,18.4,N,Open,2025-05-31T09:00:00,2025-06-04T09:00:00
CRM-0000067,PORTAL-SESSION-0000067,CLI-0015,PORTAL-USER-00002,Driver Coordinator,healthcare-client-15.example.com,2025-01-11T05:00:00,Phone,REQ-0000067,Report Download,High,2.7,N,Pending Client,2025-01-11T05:00:00,2025-01-23T05:00:00
CRM-0000068,PORTAL-SESSION-0000068,CLI-0015,PORTAL-USER-00080,Finance User,healthcare-client-15.example.com,2025-09-12T08:00:00,Phone,REQ-0000068,Maintenance Query,Medium,5.8,N,Escalated,2025-09-12T08:00:00,2025-09-15T08:00:00
CRM-0000069,PORTAL-SESSION-0000069,CLI-0009,PORTAL-USER-00064,Executive Viewer,professional-services-client-09.example.com,2025-04-05T14:00:00,Email,REQ-0000069,Vehicle Order,Medium,32.8,N,Open,2025-04-05T14:00:00,2025-04-11T14:00:00
CRM-0000070,PORTAL-SESSION-0000070,CLI-0003,PORTAL-USER-00045,Fleet Manager,healthcare-client-03.example.com,2026-03-30T12:00:00,CRM Case,REQ-0000070,Report Download,Medium,1.1,N,Pending Client,2026-03-30T12:00:00,2026-04-01T12:00:00
CRM-0000071,PORTAL-SESSION-0000071,CLI-0010,PORTAL-USER-00042,Executive Viewer,government-client-10.example.com,2025-03-01T02:00:00,CRM Case,REQ-0000071,Quote Request,Medium,21.3,N,Escalated,2025-03-01T02:00:00,2025-03-04T02:00:00
CRM-0000072,PORTAL-SESSION-0000072,CLI-0014,PORTAL-USER-00086,Finance User,professional-services-client-14.example.com,2025-05-06T14:00:00,Phone,REQ-0000072,Vehicle Order,High,23.9,N,Open,2025-05-06T14:00:00,2025-05-12T14:00:00
CRM-0000073,PORTAL-SESSION-0000073,CLI-0013,PORTAL-USER-00085,Driver Coordinator,utilities-client-13.example.com,2025-02-08T10:00:00,Client Portal,REQ-0000073,Renewal Discussion,High,3.6,N,Open,2025-02-08T10:00:00,2025-02-11T10:00:00
CRM-0000074,PORTAL-SESSION-0000074,CLI-0018,PORTAL-USER-00006,Driver Coordinator,professional-services-client-18.example.com,2026-01-25T01:00:00,CRM Case,REQ-0000074,Renewal Discussion,Medium,2.4,N,Pending Client,2026-01-25T01:00:00,2026-02-07T01:00:00
CRM-0000075,PORTAL-SESSION-0000075,CLI-0005,PORTAL-USER-00010,Driver Coordinator,healthcare-client-05.example.com,2025-02-18T05:00:00,Email,REQ-0000075,Report Download,Low,25.6,N,Escalated,2025-02-18T05:00:00,2025-02-26T05:00:00
CRM-0000076,PORTAL-SESSION-0000076,CLI-0014,PORTAL-USER-00052,Driver Coordinator,professional-services-client-14.example.com,2025-10-02T15:00:00,Client Portal,REQ-0000076,Quote Request,Low,19.2,N,Open,2025-10-02T15:00:00,2025-10-08T15:00:00
CRM-0000077,PORTAL-SESSION-0000077,CLI-0010,PORTAL-USER-00087,Fleet Manager,government-client-10.example.com,2025-06-06T04:00:00,Client Portal,REQ-0000077,Maintenance Query,Medium,20.6,Y,Escalated,2025-06-06T04:00:00,2025-06-16T04:00:00
CRM-0000078,PORTAL-SESSION-0000078,CLI-0017,PORTAL-USER-00041,Driver Coordinator,construction-client-17.example.com,2025-09-03T07:00:00,Phone,REQ-0000078,Renewal Discussion,Critical,10.2,Y,Resolved,2025-09-03T07:00:00,2025-09-15T07:00:00
CRM-0000079,PORTAL-SESSION-0000079,CLI-0004,PORTAL-USER-00017,Finance User,utilities-client-04.example.com,2025-11-02T13:00:00,Email,REQ-0000079,Renewal Discussion,Medium,4.1,N,Escalated,2025-11-02T13:00:00,2025-11-14T13:00:00
CRM-0000080,PORTAL-SESSION-0000080,CLI-0005,PORTAL-USER-00025,Finance User,healthcare-client-05.example.com,2025-04-02T02:00:00,Client Portal,REQ-0000080,Invoice Query,Low,1.7,N,Resolved,2025-04-02T02:00:00,2025-04-10T02:00:00
CRM-0000081,PORTAL-SESSION-0000081,CLI-0007,PORTAL-USER-00037,Executive Viewer,utilities-client-07.example.com,2026-02-12T03:00:00,Client Portal,REQ-0000081,Quote Request,Critical,31.1,Y,Pending Client,2026-02-12T03:00:00,2026-02-25T03:00:00
CRM-0000082,PORTAL-SESSION-0000082,CLI-0014,PORTAL-USER-00077,Driver Coordinator,professional-services-client-14.example.com,2025-10-29T19:00:00,Client Portal,REQ-0000082,Renewal Discussion,Medium,18.5,N,Open,2025-10-29T19:00:00,2025-11-09T19:00:00
CRM-0000083,PORTAL-SESSION-0000083,CLI-0018,PORTAL-USER-00029,Executive Viewer,professional-services-client-18.example.com,2025-01-11T01:00:00,Phone,REQ-0000083,Maintenance Query,Low,26.6,N,Open,2025-01-11T01:00:00,2025-01-11T01:00:00
CRM-0000084,PORTAL-SESSION-0000084,CLI-0001,PORTAL-USER-00021,Driver Coordinator,professional-services-client-01.example.com,2025-06-28T06:00:00,CRM Case,REQ-0000084,Report Download,Critical,6.9,N,Open,2025-06-28T06:00:00,2025-07-03T06:00:00
CRM-0000085,PORTAL-SESSION-0000085,CLI-0002,PORTAL-USER-00035,Finance User,utilities-client-02.example.com,2025-06-17T05:00:00,CRM Case,REQ-0000085,Report Download,Low,33.7,N,Escalated,2025-06-17T05:00:00,2025-06-30T05:00:00
CRM-0000086,PORTAL-SESSION-0000086,CLI-0006,PORTAL-USER-00079,Fleet Manager,utilities-client-06.example.com,2025-12-04T18:00:00,Client Portal,REQ-0000086,Maintenance Query,Critical,19.3,Y,Pending Client,2025-12-04T18:00:00,2025-12-17T18:00:00
CRM-0000087,PORTAL-SESSION-0000087,CLI-0015,PORTAL-USER-00032,Finance User,healthcare-client-15.example.com,2026-01-23T13:00:00,CRM Case,REQ-0000087,Report Download,Medium,31.8,Y,Pending Client,2026-01-23T13:00:00,2026-01-26T13:00:00
CRM-0000088,PORTAL-SESSION-0000088,CLI-0016,PORTAL-USER-00011,Driver Coordinator,government-client-16.example.com,2025-07-28T23:00:00,Client Portal,REQ-0000088,Renewal Discussion,Critical,6.5,Y,Open,2025-07-28T23:00:00,2025-07-31T23:00:00
CRM-0000089,PORTAL-SESSION-0000089,CLI-0014,PORTAL-USER-00014,Fleet Manager,professional-services-client-14.example.com,2025-10-10T09:00:00,Client Portal,REQ-0000089,Vehicle Order,Medium,23.9,N,Pending Client,2025-10-10T09:00:00,2025-10-24T09:00:00
CRM-0000090,PORTAL-SESSION-0000090,CLI-0008,PORTAL-USER-00020,Fleet Manager,government-client-08.example.com,2026-01-03T19:00:00,CRM Case,REQ-0000090,Invoice Query,Medium,16.7,N,Escalated,2026-01-03T19:00:00,2026-01-08T19:00:00
CRM-0000091,PORTAL-SESSION-0000091,CLI-0001,PORTAL-USER-00064,Executive Viewer,professional-services-client-01.example.com,2025-07-27T15:00:00,Client Portal,REQ-0000091,Renewal Discussion,Low,15.3,N,Pending Client,2025-07-27T15:00:00,2025-07-27T15:00:00
CRM-0000092,PORTAL-SESSION-0000092,CLI-0018,PORTAL-USER-00084,Driver Coordinator,professional-services-client-18.example.com,2025-09-25T03:00:00,CRM Case,REQ-0000092,Quote Request,Medium,16.9,Y,Escalated,2025-09-25T03:00:00,2025-09-26T03:00:00
CRM-0000093,PORTAL-SESSION-0000093,CLI-0015,PORTAL-USER-00089,Fleet Manager,healthcare-client-15.example.com,2026-04-16T16:00:00,Email,REQ-0000093,Report Download,Critical,20.9,N,Resolved,2026-04-16T16:00:00,2026-04-21T16:00:00
CRM-0000094,PORTAL-SESSION-0000094,CLI-0016,PORTAL-USER-00087,Fleet Manager,government-client-16.example.com,2025-04-02T23:00:00,CRM Case,REQ-0000094,Renewal Discussion,Critical,13.6,Y,Escalated,2025-04-02T23:00:00,2025-04-14T23:00:00
CRM-0000095,PORTAL-SESSION-0000095,CLI-0006,PORTAL-USER-00074,Fleet Manager,utilities-client-06.example.com,2025-11-10T11:00:00,CRM Case,REQ-0000095,Invoice Query,Critical,7.4,N,Resolved,2025-11-10T11:00:00,2025-11-15T11:00:00
CRM-0000096,PORTAL-SESSION-0000096,CLI-0008,PORTAL-USER-00086,Executive Viewer,government-client-08.example.com,2025-11-05T08:00:00,Client Portal,REQ-0000096,Maintenance Query,High,31.9,N,Escalated,2025-11-05T08:00:00,2025-11-09T08:00:00
CRM-0000097,PORTAL-SESSION-0000097,CLI-0016,PORTAL-USER-00053,Executive Viewer,government-client-16.example.com,2025-03-15T19:00:00,Email,REQ-0000097,Quote Request,Critical,20.7,Y,Escalated,2025-03-15T19:00:00,2025-03-15T19:00:00
CRM-0000098,PORTAL-SESSION-0000098,CLI-0018,PORTAL-USER-00077,Executive Viewer,professional-services-client-18.example.com,2025-01-02T17:00:00,Email,REQ-0000098,Renewal Discussion,Critical,9.3,N,Resolved,2025-01-02T17:00:00,2025-01-08T17:00:00
CRM-0000099,PORTAL-SESSION-0000099,CLI-0009,PORTAL-USER-00025,Driver Coordinator,professional-services-client-09.example.com,2025-02-08T16:00:00,Client Portal,REQ-0000099,Maintenance Query,Critical,8.8,Y,Resolved,2025-02-08T16:00:00,2025-02-11T16:00:00
CRM-0000100,PORTAL-SESSION-0000100,CLI-0013,PORTAL-USER-00069,Fleet Manager,utilities-client-13.example.com,2026-01-11T18:00:00,Phone,REQ-0000100,Invoice Query,Low,9.6,N,Open,2026-01-11T18:00:00,2026-01-23T18:00:00
CRM-0000101,PORTAL-SESSION-0000101,CLI-0006,PORTAL-USER-00066,Executive Viewer,utilities-client-06.example.com,2025-12-06T20:00:00,Client Portal,REQ-0000101,Invoice Query,Medium,4.3,N,Pending Client,2025-12-06T20:00:00,2025-12-12T20:00:00
CRM-0000102,PORTAL-SESSION-0000102,CLI-0005,PORTAL-USER-00006,Executive Viewer,healthcare-client-05.example.com,2026-05-08T14:00:00,Phone,REQ-0000102,Invoice Query,Low,0.7,N,Resolved,2026-05-08T14:00:00,2026-05-16T14:00:00
CRM-0000103,PORTAL-SESSION-0000103,CLI-0009,PORTAL-USER-00014,Finance User,professional-services-client-09.example.com,2025-07-03T16:00:00,Client Portal,REQ-0000103,Report Download,Medium,31.5,N,Resolved,2025-07-03T16:00:00,2025-07-10T16:00:00
CRM-0000104,PORTAL-SESSION-0000104,CLI-0010,PORTAL-USER-00071,Finance User,government-client-10.example.com,2025-12-08T17:00:00,Phone,REQ-0000104,Invoice Query,Low,20.0,Y,Pending Client,2025-12-08T17:00:00,2025-12-08T17:00:00
CRM-0000105,PORTAL-SESSION-0000105,CLI-0005,PORTAL-USER-00048,Fleet Manager,healthcare-client-05.example.com,2026-04-19T14:00:00,Client Portal,REQ-0000105,Quote Request,Medium,1.7,N,Escalated,2026-04-19T14:00:00,2026-05-01T14:00:00
CRM-0000106,PORTAL-SESSION-0000106,CLI-0013,PORTAL-USER-00077,Driver Coordinator,utilities-client-13.example.com,2025-02-22T18:00:00,CRM Case,REQ-0000106,Quote Request,High,14.0,N,Resolved,2025-02-22T18:00:00,2025-03-06T18:00:00
CRM-0000107,PORTAL-SESSION-0000107,CLI-0007,PORTAL-USER-00070,Driver Coordinator,utilities-client-07.example.com,2026-02-27T14:00:00,Phone,REQ-0000107,Maintenance Query,Low,18.1,Y,Open,2026-02-27T14:00:00,2026-03-09T14:00:00
CRM-0000108,PORTAL-SESSION-0000108,CLI-0004,PORTAL-USER-00021,Executive Viewer,utilities-client-04.example.com,2025-09-29T15:00:00,Client Portal,REQ-0000108,Quote Request,Low,22.8,N,Escalated,2025-09-29T15:00:00,2025-10-04T15:00:00
CRM-0000109,PORTAL-SESSION-0000109,CLI-0004,PORTAL-USER-00035,Driver Coordinator,utilities-client-04.example.com,2025-01-25T07:00:00,Email,REQ-0000109,Invoice Query,Medium,21.7,N,Escalated,2025-01-25T07:00:00,2025-02-01T07:00:00
CRM-0000110,PORTAL-SESSION-0000110,CLI-0009,PORTAL-USER-00055,Executive Viewer,professional-services-client-09.example.com,2025-12-07T10:00:00,Email,REQ-0000110,Vehicle Order,High,33.8,Y,Pending Client,2025-12-07T10:00:00,2025-12-19T10:00:00
CRM-0000111,PORTAL-SESSION-0000111,CLI-0005,PORTAL-USER-00045,Executive Viewer,healthcare-client-05.example.com,2025-03-01T10:00:00,Phone,REQ-0000111,Vehicle Order,High,33.6,N,Pending Client,2025-03-01T10:00:00,2025-03-14T10:00:00
CRM-0000112,PORTAL-SESSION-0000112,CLI-0006,PORTAL-USER-00002,Driver Coordinator,utilities-client-06.example.com,2025-03-05T19:00:00,CRM Case,REQ-0000112,Vehicle Order,High,15.9,N,Resolved,2025-03-05T19:00:00,2025-03-12T19:00:00
CRM-0000113,PORTAL-SESSION-0000113,CLI-0010,PORTAL-USER-00039,Driver Coordinator,government-client-10.example.com,2025-09-03T12:00:00,Email,REQ-0000113,Invoice Query,Medium,21.7,N,Pending Client,2025-09-03T12:00:00,2025-09-04T12:00:00
CRM-0000114,PORTAL-SESSION-0000114,CLI-0008,PORTAL-USER-00041,Fleet Manager,government-client-08.example.com,2025-10-01T07:00:00,Phone,REQ-0000114,Quote Request,Medium,10.4,N,Pending Client,2025-10-01T07:00:00,2025-10-02T07:00:00
CRM-0000115,PORTAL-SESSION-0000115,CLI-0006,PORTAL-USER-00008,Fleet Manager,utilities-client-06.example.com,2025-12-26T19:00:00,CRM Case,REQ-0000115,Maintenance Query,Medium,23.7,N,Open,2025-12-26T19:00:00,2026-01-09T19:00:00
CRM-0000116,PORTAL-SESSION-0000116,CLI-0016,PORTAL-USER-00019,Executive Viewer,government-client-16.example.com,2025-05-02T20:00:00,Phone,REQ-0000116,Vehicle Order,Critical,27.8,N,Resolved,2025-05-02T20:00:00,2025-05-10T20:00:00
CRM-0000117,PORTAL-SESSION-0000117,CLI-0011,PORTAL-USER-00042,Driver Coordinator,government-client-11.example.com,2025-12-31T21:00:00,CRM Case,REQ-0000117,Vehicle Order,High,6.2,N,Pending Client,2025-12-31T21:00:00,2026-01-11T21:00:00
CRM-0000118,PORTAL-SESSION-0000118,CLI-0011,PORTAL-USER-00015,Driver Coordinator,government-client-11.example.com,2025-02-21T12:00:00,Phone,REQ-0000118,Invoice Query,Low,16.2,N,Resolved,2025-02-21T12:00:00,2025-03-07T12:00:00
CRM-0000119,PORTAL-SESSION-0000119,CLI-0002,PORTAL-USER-00007,Driver Coordinator,utilities-client-02.example.com,2025-09-28T20:00:00,Email,REQ-0000119,Report Download,Low,9.4,Y,Resolved,2025-09-28T20:00:00,2025-10-02T20:00:00
CRM-0000120,PORTAL-SESSION-0000120,CLI-0016,PORTAL-USER-00082,Finance User,government-client-16.example.com,2025-04-28T11:00:00,Email,REQ-0000120,Vehicle Order,High,15.8,N,Open,2025-04-28T11:00:00,2025-05-11T11:00:00
CRM-0000121,PORTAL-SESSION-0000121,CLI-0015,PORTAL-USER-00075,Driver Coordinator,healthcare-client-15.example.com,2025-03-02T11:00:00,Phone,REQ-0000121,Vehicle Order,High,10.5,N,Open,2025-03-02T11:00:00,2025-03-07T11:00:00
CRM-0000122,PORTAL-SESSION-0000122,CLI-0008,PORTAL-USER-00069,Fleet Manager,government-client-08.example.com,2025-09-08T16:00:00,CRM Case,REQ-0000122,Vehicle Order,Low,19.1,Y,Open,2025-09-08T16:00:00,2025-09-21T16:00:00
CRM-0000123,PORTAL-SESSION-0000123,CLI-0003,PORTAL-USER-00031,Finance User,healthcare-client-03.example.com,2025-12-19T06:00:00,Phone,REQ-0000123,Quote Request,Critical,18.3,N,Open,2025-12-19T06:00:00,2025-12-24T06:00:00
CRM-0000124,PORTAL-SESSION-0000124,CLI-0006,PORTAL-USER-00061,Finance User,utilities-client-06.example.com,2025-09-03T17:00:00,Client Portal,REQ-0000124,Invoice Query,Critical,6.7,N,Resolved,2025-09-03T17:00:00,2025-09-05T17:00:00
CRM-0000125,PORTAL-SESSION-0000125,CLI-0004,PORTAL-USER-00040,Executive Viewer,utilities-client-04.example.com,2025-08-16T22:00:00,Email,REQ-0000125,Renewal Discussion,Medium,33.4,N,Escalated,2025-08-16T22:00:00,2025-08-28T22:00:00
CRM-0000126,PORTAL-SESSION-0000126,CLI-0017,PORTAL-USER-00066,Fleet Manager,construction-client-17.example.com,2025-01-26T03:00:00,Email,REQ-0000126,Maintenance Query,Critical,6.8,N,Escalated,2025-01-26T03:00:00,2025-02-02T03:00:00
CRM-0000127,PORTAL-SESSION-0000127,CLI-0003,PORTAL-USER-00057,Executive Viewer,healthcare-client-03.example.com,2026-01-12T15:00:00,CRM Case,REQ-0000127,Report Download,Critical,21.2,N,Resolved,2026-01-12T15:00:00,2026-01-15T15:00:00
CRM-0000128,PORTAL-SESSION-0000128,CLI-0007,PORTAL-USER-00018,Driver Coordinator,utilities-client-07.example.com,2026-02-21T12:00:00,Phone,REQ-0000128,Renewal Discussion,Critical,9.5,N,Open,2026-02-21T12:00:00,2026-03-02T12:00:00
CRM-0000129,PORTAL-SESSION-0000129,CLI-0001,PORTAL-USER-00015,Fleet Manager,professional-services-client-01.example.com,2025-12-20T01:00:00,Email,REQ-0000129,Maintenance Query,Medium,20.8,N,Resolved,2025-12-20T01:00:00,2025-12-22T01:00:00
CRM-0000130,PORTAL-SESSION-0000130,CLI-0004,PORTAL-USER-00070,Executive Viewer,utilities-client-04.example.com,2025-12-27T02:00:00,Email,REQ-0000130,Invoice Query,Medium,23.5,Y,Resolved,2025-12-27T02:00:00,2026-01-07T02:00:00
CRM-0000131,PORTAL-SESSION-0000131,CLI-0017,PORTAL-USER-00039,Executive Viewer,construction-client-17.example.com,2026-02-02T16:00:00,Email,REQ-0000131,Maintenance Query,Medium,20.2,N,Escalated,2026-02-02T16:00:00,2026-02-07T16:00:00
CRM-0000132,PORTAL-SESSION-0000132,CLI-0012,PORTAL-USER-00017,Fleet Manager,government-client-12.example.com,2026-01-22T16:00:00,Client Portal,REQ-0000132,Vehicle Order,Medium,2.7,Y,Open,2026-01-22T16:00:00,2026-02-04T16:00:00
CRM-0000133,PORTAL-SESSION-0000133,CLI-0005,PORTAL-USER-00070,Finance User,healthcare-client-05.example.com,2025-06-03T16:00:00,Phone,REQ-0000133,Quote Request,Critical,0.6,N,Resolved,2025-06-03T16:00:00,2025-06-17T16:00:00
CRM-0000134,PORTAL-SESSION-0000134,CLI-0009,PORTAL-USER-00013,Driver Coordinator,professional-services-client-09.example.com,2026-04-19T10:00:00,CRM Case,REQ-0000134,Maintenance Query,Critical,27.4,N,Escalated,2026-04-19T10:00:00,2026-04-27T10:00:00
CRM-0000135,PORTAL-SESSION-0000135,CLI-0004,PORTAL-USER-00028,Fleet Manager,utilities-client-04.example.com,2025-02-12T05:00:00,CRM Case,REQ-0000135,Report Download,High,27.1,N,Open,2025-02-12T05:00:00,2025-02-21T05:00:00
CRM-0000136,PORTAL-SESSION-0000136,CLI-0008,PORTAL-USER-00069,Fleet Manager,government-client-08.example.com,2025-11-09T15:00:00,Email,REQ-0000136,Invoice Query,Low,32.0,N,Pending Client,2025-11-09T15:00:00,2025-11-22T15:00:00
CRM-0000137,PORTAL-SESSION-0000137,CLI-0004,PORTAL-USER-00074,Fleet Manager,utilities-client-04.example.com,2025-08-16T14:00:00,Email,REQ-0000137,Invoice Query,Medium,20.2,Y,Escalated,2025-08-16T14:00:00,2025-08-25T14:00:00
CRM-0000138,PORTAL-SESSION-0000138,CLI-0007,PORTAL-USER-00012,Driver Coordinator,utilities-client-07.example.com,2025-04-24T11:00:00,Client Portal,REQ-0000138,Renewal Discussion,Critical,34.6,N,Resolved,2025-04-24T11:00:00,2025-04-27T11:00:00
CRM-0000139,PORTAL-SESSION-0000139,CLI-0005,PORTAL-USER-00003,Fleet Manager,healthcare-client-05.example.com,2025-12-11T12:00:00,Client Portal,REQ-0000139,Report Download,Medium,28.4,N,Open,2025-12-11T12:00:00,2025-12-14T12:00:00
CRM-0000140,PORTAL-SESSION-0000140,CLI-0018,PORTAL-USER-00061,Driver Coordinator,professional-services-client-18.example.com,2025-03-06T18:00:00,CRM Case,REQ-0000140,Renewal Discussion,High,12.6,N,Escalated,2025-03-06T18:00:00,2025-03-06T18:00:00
CRM-0000141,PORTAL-SESSION-0000141,CLI-0002,PORTAL-USER-00042,Fleet Manager,utilities-client-02.example.com,2025-12-20T16:00:00,Client Portal,REQ-0000141,Quote Request,High,11.9,N,Resolved,2025-12-20T16:00:00,2025-12-23T16:00:00
CRM-0000142,PORTAL-SESSION-0000142,CLI-0015,PORTAL-USER-00009,Driver Coordinator,healthcare-client-15.example.com,2025-04-16T12:00:00,Phone,REQ-0000142,Vehicle Order,Critical,27.3,N,Escalated,2025-04-16T12:00:00,2025-04-17T12:00:00
CRM-0000143,PORTAL-SESSION-0000143,CLI-0007,PORTAL-USER-00066,Executive Viewer,utilities-client-07.example.com,2025-12-20T11:00:00,CRM Case,REQ-0000143,Vehicle Order,High,8.8,N,Open,2025-12-20T11:00:00,2025-12-30T11:00:00
CRM-0000144,PORTAL-SESSION-0000144,CLI-0011,PORTAL-USER-00056,Fleet Manager,government-client-11.example.com,2025-10-06T10:00:00,Email,REQ-0000144,Renewal Discussion,High,16.3,N,Open,2025-10-06T10:00:00,2025-10-16T10:00:00
CRM-0000145,PORTAL-SESSION-0000145,CLI-0011,PORTAL-USER-00049,Finance User,government-client-11.example.com,2026-03-17T12:00:00,Phone,REQ-0000145,Report Download,Medium,12.9,N,Open,2026-03-17T12:00:00,2026-03-23T12:00:00
CRM-0000146,PORTAL-SESSION-0000146,CLI-0010,PORTAL-USER-00087,Fleet Manager,government-client-10.example.com,2025-05-07T12:00:00,CRM Case,REQ-0000146,Report Download,Medium,17.0,N,Escalated,2025-05-07T12:00:00,2025-05-07T12:00:00
CRM-0000147,PORTAL-SESSION-0000147,CLI-0006,PORTAL-USER-00054,Executive Viewer,utilities-client-06.example.com,2025-10-06T19:00:00,Phone,REQ-0000147,Quote Request,High,32.9,N,Pending Client,2025-10-06T19:00:00,2025-10-14T19:00:00
CRM-0000148,PORTAL-SESSION-0000148,CLI-0003,PORTAL-USER-00033,Fleet Manager,healthcare-client-03.example.com,2025-07-13T08:00:00,Phone,REQ-0000148,Quote Request,Low,32.2,Y,Resolved,2025-07-13T08:00:00,2025-07-23T08:00:00
CRM-0000149,PORTAL-SESSION-0000149,CLI-0007,PORTAL-USER-00082,Driver Coordinator,utilities-client-07.example.com,2025-06-21T17:00:00,Phone,REQ-0000149,Invoice Query,Low,35.1,N,Open,2025-06-21T17:00:00,2025-06-24T17:00:00
CRM-0000150,PORTAL-SESSION-0000150,CLI-0018,PORTAL-USER-00018,Executive Viewer,professional-services-client-18.example.com,2025-10-07T00:00:00,CRM Case,REQ-0000150,Quote Request,High,5.2,Y,Pending Client,2025-10-07T00:00:00,2025-10-13T00:00:00
CRM-0000151,PORTAL-SESSION-0000151,CLI-0005,PORTAL-USER-00014,Driver Coordinator,healthcare-client-05.example.com,2026-04-24T16:00:00,Email,REQ-0000151,Renewal Discussion,High,16.4,N,Resolved,2026-04-24T16:00:00,2026-05-06T16:00:00
CRM-0000152,PORTAL-SESSION-0000152,CLI-0007,PORTAL-USER-00074,Executive Viewer,utilities-client-07.example.com,2026-04-20T00:00:00,Client Portal,REQ-0000152,Maintenance Query,Critical,14.5,N,Pending Client,2026-04-20T00:00:00,2026-04-22T00:00:00
CRM-0000153,PORTAL-SESSION-0000153,CLI-0017,PORTAL-USER-00079,Executive Viewer,construction-client-17.example.com,2025-10-02T08:00:00,Email,REQ-0000153,Invoice Query,High,4.1,N,Resolved,2025-10-02T08:00:00,2025-10-10T08:00:00
CRM-0000154,PORTAL-SESSION-0000154,CLI-0015,PORTAL-USER-00016,Executive Viewer,healthcare-client-15.example.com,2025-03-11T15:00:00,Email,REQ-0000154,Vehicle Order,Low,23.1,Y,Open,2025-03-11T15:00:00,2025-03-23T15:00:00
CRM-0000155,PORTAL-SESSION-0000155,CLI-0004,PORTAL-USER-00035,Fleet Manager,utilities-client-04.example.com,2026-01-23T12:00:00,CRM Case,REQ-0000155,Invoice Query,Medium,21.3,N,Escalated,2026-01-23T12:00:00,2026-01-26T12:00:00
CRM-0000156,PORTAL-SESSION-0000156,CLI-0018,PORTAL-USER-00084,Driver Coordinator,professional-services-client-18.example.com,2025-08-29T14:00:00,CRM Case,REQ-0000156,Renewal Discussion,Medium,7.8,N,Escalated,2025-08-29T14:00:00,2025-09-05T14:00:00
CRM-0000157,PORTAL-SESSION-0000157,CLI-0001,PORTAL-USER-00013,Finance User,professional-services-client-01.example.com,2026-03-01T08:00:00,Client Portal,REQ-0000157,Report Download,Low,22.5,N,Resolved,2026-03-01T08:00:00,2026-03-04T08:00:00
CRM-0000158,PORTAL-SESSION-0000158,CLI-0017,PORTAL-USER-00054,Fleet Manager,construction-client-17.example.com,2026-02-27T20:00:00,CRM Case,REQ-0000158,Report Download,Medium,14.3,N,Resolved,2026-02-27T20:00:00,2026-03-11T20:00:00
CRM-0000159,PORTAL-SESSION-0000159,CLI-0006,PORTAL-USER-00034,Fleet Manager,utilities-client-06.example.com,2026-05-12T01:00:00,CRM Case,REQ-0000159,Vehicle Order,Low,22.0,N,Escalated,2026-05-12T01:00:00,2026-05-19T01:00:00
CRM-0000160,PORTAL-SESSION-0000160,CLI-0005,PORTAL-USER-00036,Fleet Manager,healthcare-client-05.example.com,2025-01-04T08:00:00,Client Portal,REQ-0000160,Quote Request,Critical,24.9,N,Open,2025-01-04T08:00:00,2025-01-13T08:00:00
CRM-0000161,PORTAL-SESSION-0000161,CLI-0007,PORTAL-USER-00048,Finance User,utilities-client-07.example.com,2025-03-23T08:00:00,Client Portal,REQ-0000161,Quote Request,Critical,25.8,N,Open,2025-03-23T08:00:00,2025-04-02T08:00:00
CRM-0000162,PORTAL-SESSION-0000162,CLI-0005,PORTAL-USER-00070,Executive Viewer,healthcare-client-05.example.com,2025-03-15T08:00:00,Client Portal,REQ-0000162,Report Download,Critical,5.5,Y,Resolved,2025-03-15T08:00:00,2025-03-28T08:00:00
CRM-0000163,PORTAL-SESSION-0000163,CLI-0014,PORTAL-USER-00023,Driver Coordinator,professional-services-client-14.example.com,2025-04-15T05:00:00,Client Portal,REQ-0000163,Maintenance Query,High,28.6,N,Resolved,2025-04-15T05:00:00,2025-04-15T05:00:00
CRM-0000164,PORTAL-SESSION-0000164,CLI-0009,PORTAL-USER-00083,Finance User,professional-services-client-09.example.com,2026-03-03T22:00:00,CRM Case,REQ-0000164,Maintenance Query,Low,4.0,N,Open,2026-03-03T22:00:00,2026-03-06T22:00:00
CRM-0000165,PORTAL-SESSION-0000165,CLI-0010,PORTAL-USER-00056,Fleet Manager,government-client-10.example.com,2025-07-15T16:00:00,Phone,REQ-0000165,Vehicle Order,Low,17.1,N,Escalated,2025-07-15T16:00:00,2025-07-22T16:00:00
CRM-0000166,PORTAL-SESSION-0000166,CLI-0006,PORTAL-USER-00005,Fleet Manager,utilities-client-06.example.com,2025-01-29T04:00:00,Email,REQ-0000166,Vehicle Order,Critical,32.2,Y,Pending Client,2025-01-29T04:00:00,2025-01-30T04:00:00
CRM-0000167,PORTAL-SESSION-0000167,CLI-0012,PORTAL-USER-00070,Fleet Manager,government-client-12.example.com,2025-04-11T13:00:00,Client Portal,REQ-0000167,Invoice Query,Critical,17.2,N,Open,2025-04-11T13:00:00,2025-04-11T13:00:00
CRM-0000168,PORTAL-SESSION-0000168,CLI-0004,PORTAL-USER-00018,Driver Coordinator,utilities-client-04.example.com,2025-09-11T07:00:00,Client Portal,REQ-0000168,Quote Request,Critical,7.9,Y,Open,2025-09-11T07:00:00,2025-09-14T07:00:00
CRM-0000169,PORTAL-SESSION-0000169,CLI-0002,PORTAL-USER-00022,Finance User,utilities-client-02.example.com,2025-12-02T14:00:00,Client Portal,REQ-0000169,Quote Request,Medium,19.5,Y,Open,2025-12-02T14:00:00,2025-12-13T14:00:00
CRM-0000170,PORTAL-SESSION-0000170,CLI-0017,PORTAL-USER-00084,Executive Viewer,construction-client-17.example.com,2025-08-30T02:00:00,Phone,REQ-0000170,Vehicle Order,Medium,4.4,N,Resolved,2025-08-30T02:00:00,2025-09-12T02:00:00
CRM-0000171,PORTAL-SESSION-0000171,CLI-0009,PORTAL-USER-00015,Executive Viewer,professional-services-client-09.example.com,2026-01-16T13:00:00,Client Portal,REQ-0000171,Report Download,Medium,19.7,N,Escalated,2026-01-16T13:00:00,2026-01-29T13:00:00
CRM-0000172,PORTAL-SESSION-0000172,CLI-0001,PORTAL-USER-00040,Finance User,professional-services-client-01.example.com,2025-08-21T08:00:00,Phone,REQ-0000172,Quote Request,Medium,29.7,N,Resolved,2025-08-21T08:00:00,2025-09-03T08:00:00
CRM-0000173,PORTAL-SESSION-0000173,CLI-0005,PORTAL-USER-00019,Fleet Manager,healthcare-client-05.example.com,2025-04-05T11:00:00,Phone,REQ-0000173,Quote Request,Medium,12.4,N,Resolved,2025-04-05T11:00:00,2025-04-17T11:00:00
CRM-0000174,PORTAL-SESSION-0000174,CLI-0003,PORTAL-USER-00086,Fleet Manager,healthcare-client-03.example.com,2025-03-14T23:00:00,Email,REQ-0000174,Invoice Query,Critical,28.7,Y,Pending Client,2025-03-14T23:00:00,2025-03-20T23:00:00
CRM-0000175,PORTAL-SESSION-0000175,CLI-0001,PORTAL-USER-00024,Executive Viewer,professional-services-client-01.example.com,2025-04-17T21:00:00,Email,REQ-0000175,Invoice Query,Low,8.2,N,Escalated,2025-04-17T21:00:00,2025-04-23T21:00:00
CRM-0000176,PORTAL-SESSION-0000176,CLI-0003,PORTAL-USER-00078,Driver Coordinator,healthcare-client-03.example.com,2025-11-30T14:00:00,Client Portal,REQ-0000176,Renewal Discussion,Medium,9.8,N,Resolved,2025-11-30T14:00:00,2025-12-09T14:00:00
CRM-0000177,PORTAL-SESSION-0000177,CLI-0018,PORTAL-USER-00049,Fleet Manager,professional-services-client-18.example.com,2025-06-29T03:00:00,CRM Case,REQ-0000177,Quote Request,Low,20.7,N,Resolved,2025-06-29T03:00:00,2025-07-13T03:00:00
CRM-0000178,PORTAL-SESSION-0000178,CLI-0018,PORTAL-USER-00022,Executive Viewer,professional-services-client-18.example.com,2025-10-25T02:00:00,Phone,REQ-0000178,Renewal Discussion,High,26.4,Y,Resolved,2025-10-25T02:00:00,2025-11-01T02:00:00
CRM-0000179,PORTAL-SESSION-0000179,CLI-0018,PORTAL-USER-00087,Executive Viewer,professional-services-client-18.example.com,2025-08-08T16:00:00,CRM Case,REQ-0000179,Vehicle Order,Critical,13.7,N,Open,2025-08-08T16:00:00,2025-08-16T16:00:00
CRM-0000180,PORTAL-SESSION-0000180,CLI-0017,PORTAL-USER-00059,Driver Coordinator,construction-client-17.example.com,2025-05-18T09:00:00,Client Portal,REQ-0000180,Report Download,Medium,15.8,N,Open,2025-05-18T09:00:00,2025-05-27T09:00:00
CRM-0000181,PORTAL-SESSION-0000181,CLI-0002,PORTAL-USER-00080,Finance User,utilities-client-02.example.com,2025-09-09T09:00:00,Client Portal,REQ-0000181,Maintenance Query,High,1.7,Y,Pending Client,2025-09-09T09:00:00,2025-09-15T09:00:00
CRM-0000182,PORTAL-SESSION-0000182,CLI-0005,PORTAL-USER-00042,Finance User,healthcare-client-05.example.com,2026-03-03T06:00:00,Email,REQ-0000182,Report Download,High,18.4,N,Escalated,2026-03-03T06:00:00,2026-03-03T06:00:00
CRM-0000183,PORTAL-SESSION-0000183,CLI-0017,PORTAL-USER-00029,Executive Viewer,construction-client-17.example.com,2025-03-22T03:00:00,Email,REQ-0000183,Invoice Query,Critical,6.8,N,Pending Client,2025-03-22T03:00:00,2025-03-23T03:00:00
CRM-0000184,PORTAL-SESSION-0000184,CLI-0006,PORTAL-USER-00063,Finance User,utilities-client-06.example.com,2025-04-13T23:00:00,Client Portal,REQ-0000184,Invoice Query,High,0.2,N,Pending Client,2025-04-13T23:00:00,2025-04-13T23:00:00
CRM-0000185,PORTAL-SESSION-0000185,CLI-0002,PORTAL-USER-00071,Executive Viewer,utilities-client-02.example.com,2025-01-11T00:00:00,CRM Case,REQ-0000185,Invoice Query,Critical,16.4,N,Open,2025-01-11T00:00:00,2025-01-11T00:00:00
CRM-0000186,PORTAL-SESSION-0000186,CLI-0017,PORTAL-USER-00073,Fleet Manager,construction-client-17.example.com,2025-09-24T18:00:00,Client Portal,REQ-0000186,Invoice Query,Low,14.7,N,Open,2025-09-24T18:00:00,2025-10-03T18:00:00
CRM-0000187,PORTAL-SESSION-0000187,CLI-0003,PORTAL-USER-00081,Finance User,healthcare-client-03.example.com,2025-07-16T18:00:00,CRM Case,REQ-0000187,Vehicle Order,Critical,7.3,Y,Escalated,2025-07-16T18:00:00,2025-07-27T18:00:00
CRM-0000188,PORTAL-SESSION-0000188,CLI-0002,PORTAL-USER-00070,Driver Coordinator,utilities-client-02.example.com,2025-07-18T00:00:00,Email,REQ-0000188,Report Download,Low,33.9,Y,Escalated,2025-07-18T00:00:00,2025-07-22T00:00:00
CRM-0000189,PORTAL-SESSION-0000189,CLI-0013,PORTAL-USER-00007,Fleet Manager,utilities-client-13.example.com,2025-05-06T01:00:00,Email,REQ-0000189,Renewal Discussion,Medium,9.0,N,Open,2025-05-06T01:00:00,2025-05-17T01:00:00
CRM-0000190,PORTAL-SESSION-0000190,CLI-0008,PORTAL-USER-00011,Fleet Manager,government-client-08.example.com,2026-05-03T14:00:00,Client Portal,REQ-0000190,Invoice Query,Low,23.9,N,Resolved,2026-05-03T14:00:00,2026-05-08T14:00:00
CRM-0000191,PORTAL-SESSION-0000191,CLI-0017,PORTAL-USER-00040,Finance User,construction-client-17.example.com,2025-03-14T18:00:00,Client Portal,REQ-0000191,Vehicle Order,High,29.0,N,Open,2025-03-14T18:00:00,2025-03-19T18:00:00
CRM-0000192,PORTAL-SESSION-0000192,CLI-0007,PORTAL-USER-00036,Executive Viewer,utilities-client-07.example.com,2025-06-15T07:00:00,Phone,REQ-0000192,Quote Request,Critical,11.6,N,Resolved,2025-06-15T07:00:00,2025-06-24T07:00:00
CRM-0000193,PORTAL-SESSION-0000193,CLI-0009,PORTAL-USER-00056,Executive Viewer,professional-services-client-09.example.com,2026-03-18T12:00:00,CRM Case,REQ-0000193,Renewal Discussion,Low,3.5,N,Resolved,2026-03-18T12:00:00,2026-04-01T12:00:00
CRM-0000194,PORTAL-SESSION-0000194,CLI-0001,PORTAL-USER-00070,Fleet Manager,professional-services-client-01.example.com,2026-02-19T04:00:00,CRM Case,REQ-0000194,Vehicle Order,Medium,18.5,N,Open,2026-02-19T04:00:00,2026-02-21T04:00:00
CRM-0000195,PORTAL-SESSION-0000195,CLI-0013,PORTAL-USER-00068,Driver Coordinator,utilities-client-13.example.com,2025-03-14T01:00:00,Client Portal,REQ-0000195,Maintenance Query,High,24.8,N,Escalated,2025-03-14T01:00:00,2025-03-17T01:00:00
CRM-0000196,PORTAL-SESSION-0000196,CLI-0012,PORTAL-USER-00053,Driver Coordinator,government-client-12.example.com,2025-11-23T06:00:00,CRM Case,REQ-0000196,Vehicle Order,High,35.8,N,Open,2025-11-23T06:00:00,2025-11-27T06:00:00
CRM-0000197,PORTAL-SESSION-0000197,CLI-0003,PORTAL-USER-00013,Finance User,healthcare-client-03.example.com,2025-03-23T19:00:00,Email,REQ-0000197,Quote Request,Low,24.7,N,Pending Client,2025-03-23T19:00:00,2025-04-04T19:00:00
CRM-0000198,PORTAL-SESSION-0000198,CLI-0011,PORTAL-USER-00003,Driver Coordinator,government-client-11.example.com,2025-06-27T18:00:00,Phone,REQ-0000198,Quote Request,Low,2.3,N,Pending Client,2025-06-27T18:00:00,2025-06-27T18:00:00
CRM-0000199,PORTAL-SESSION-0000199,CLI-0009,PORTAL-USER-00004,Fleet Manager,professional-services-client-09.example.com,2025-08-07T13:00:00,Client Portal,REQ-0000199,Vehicle Order,Medium,18.9,Y,Open,2025-08-07T13:00:00,2025-08-07T13:00:00
CRM-0000200,PORTAL-SESSION-0000200,CLI-0003,PORTAL-USER-00023,Finance User,healthcare-client-03.example.com,2026-01-06T23:00:00,CRM Case,REQ-0000200,Report Download,Critical,2.6,N,Pending Client,2026-01-06T23:00:00,2026-01-06T23:00:00
CRM-0000201,PORTAL-SESSION-0000201,CLI-0009,PORTAL-USER-00048,Fleet Manager,professional-services-client-09.example.com,2026-04-30T17:00:00,Phone,REQ-0000201,Renewal Discussion,Critical,15.7,N,Pending Client,2026-04-30T17:00:00,2026-05-13T17:00:00
CRM-0000202,PORTAL-SESSION-0000202,CLI-0009,PORTAL-USER-00006,Driver Coordinator,professional-services-client-09.example.com,2025-06-09T12:00:00,CRM Case,REQ-0000202,Vehicle Order,Critical,15.1,N,Resolved,2025-06-09T12:00:00,2025-06-15T12:00:00
CRM-0000203,PORTAL-SESSION-0000203,CLI-0001,PORTAL-USER-00012,Driver Coordinator,professional-services-client-01.example.com,2025-02-24T19:00:00,CRM Case,REQ-0000203,Quote Request,High,18.0,N,Resolved,2025-02-24T19:00:00,2025-03-03T19:00:00
CRM-0000204,PORTAL-SESSION-0000204,CLI-0005,PORTAL-USER-00045,Executive Viewer,healthcare-client-05.example.com,2025-05-13T07:00:00,Client Portal,REQ-0000204,Maintenance Query,Critical,19.3,N,Resolved,2025-05-13T07:00:00,2025-05-25T07:00:00
CRM-0000205,PORTAL-SESSION-0000205,CLI-0004,PORTAL-USER-00017,Executive Viewer,utilities-client-04.example.com,2026-01-19T21:00:00,CRM Case,REQ-0000205,Maintenance Query,Critical,35.5,Y,Escalated,2026-01-19T21:00:00,2026-01-30T21:00:00
CRM-0000206,PORTAL-SESSION-0000206,CLI-0013,PORTAL-USER-00090,Executive Viewer,utilities-client-13.example.com,2026-04-24T11:00:00,CRM Case,REQ-0000206,Vehicle Order,High,35.4,Y,Escalated,2026-04-24T11:00:00,2026-05-07T11:00:00
CRM-0000207,PORTAL-SESSION-0000207,CLI-0018,PORTAL-USER-00035,Driver Coordinator,professional-services-client-18.example.com,2025-08-15T16:00:00,Phone,REQ-0000207,Maintenance Query,Low,23.9,N,Pending Client,2025-08-15T16:00:00,2025-08-20T16:00:00
CRM-0000208,PORTAL-SESSION-0000208,CLI-0001,PORTAL-USER-00014,Driver Coordinator,professional-services-client-01.example.com,2025-01-19T13:00:00,Phone,REQ-0000208,Invoice Query,Medium,4.6,N,Resolved,2025-01-19T13:00:00,2025-01-31T13:00:00
CRM-0000209,PORTAL-SESSION-0000209,CLI-0007,PORTAL-USER-00040,Executive Viewer,utilities-client-07.example.com,2025-06-07T01:00:00,Phone,REQ-0000209,Report Download,Medium,34.1,N,Open,2025-06-07T01:00:00,2025-06-12T01:00:00
CRM-0000210,PORTAL-SESSION-0000210,CLI-0014,PORTAL-USER-00078,Driver Coordinator,professional-services-client-14.example.com,2026-03-08T08:00:00,CRM Case,REQ-0000210,Invoice Query,High,20.7,N,Open,2026-03-08T08:00:00,2026-03-14T08:00:00
CRM-0000211,PORTAL-SESSION-0000211,CLI-0009,PORTAL-USER-00083,Fleet Manager,professional-services-client-09.example.com,2026-02-15T09:00:00,Client Portal,REQ-0000211,Quote Request,Critical,27.9,N,Pending Client,2026-02-15T09:00:00,2026-02-22T09:00:00
CRM-0000212,PORTAL-SESSION-0000212,CLI-0008,PORTAL-USER-00055,Finance User,government-client-08.example.com,2025-01-02T21:00:00,Email,REQ-0000212,Vehicle Order,High,24.4,N,Pending Client,2025-01-02T21:00:00,2025-01-13T21:00:00
CRM-0000213,PORTAL-SESSION-0000213,CLI-0003,PORTAL-USER-00036,Executive Viewer,healthcare-client-03.example.com,2025-09-28T16:00:00,Client Portal,REQ-0000213,Maintenance Query,Critical,9.4,N,Resolved,2025-09-28T16:00:00,2025-10-11T16:00:00
CRM-0000214,PORTAL-SESSION-0000214,CLI-0004,PORTAL-USER-00006,Finance User,utilities-client-04.example.com,2026-02-23T03:00:00,Client Portal,REQ-0000214,Vehicle Order,High,11.3,N,Open,2026-02-23T03:00:00,2026-03-07T03:00:00
CRM-0000215,PORTAL-SESSION-0000215,CLI-0006,PORTAL-USER-00016,Executive Viewer,utilities-client-06.example.com,2025-05-07T00:00:00,Client Portal,REQ-0000215,Invoice Query,Critical,0.3,N,Escalated,2025-05-07T00:00:00,2025-05-09T00:00:00
CRM-0000216,PORTAL-SESSION-0000216,CLI-0004,PORTAL-USER-00083,Executive Viewer,utilities-client-04.example.com,2026-01-01T23:00:00,Client Portal,REQ-0000216,Quote Request,Medium,6.0,N,Open,2026-01-01T23:00:00,2026-01-10T23:00:00
CRM-0000217,PORTAL-SESSION-0000217,CLI-0015,PORTAL-USER-00080,Fleet Manager,healthcare-client-15.example.com,2025-10-09T18:00:00,Client Portal,REQ-0000217,Quote Request,High,1.3,N,Pending Client,2025-10-09T18:00:00,2025-10-13T18:00:00
CRM-0000218,PORTAL-SESSION-0000218,CLI-0016,PORTAL-USER-00031,Fleet Manager,government-client-16.example.com,2026-02-21T03:00:00,Phone,REQ-0000218,Renewal Discussion,Low,21.3,Y,Escalated,2026-02-21T03:00:00,2026-02-21T03:00:00
CRM-0000219,PORTAL-SESSION-0000219,CLI-0004,PORTAL-USER-00050,Finance User,utilities-client-04.example.com,2026-03-29T20:00:00,Email,REQ-0000219,Renewal Discussion,Low,26.0,N,Open,2026-03-29T20:00:00,2026-04-07T20:00:00
CRM-0000220,PORTAL-SESSION-0000220,CLI-0010,PORTAL-USER-00060,Driver Coordinator,government-client-10.example.com,2026-03-09T20:00:00,Email,REQ-0000220,Quote Request,Low,2.9,Y,Resolved,2026-03-09T20:00:00,2026-03-12T20:00:00
CRM-0000221,PORTAL-SESSION-0000221,CLI-0011,PORTAL-USER-00016,Fleet Manager,government-client-11.example.com,2025-09-29T05:00:00,Phone,REQ-0000221,Vehicle Order,Critical,18.9,N,Escalated,2025-09-29T05:00:00,2025-10-01T05:00:00
CRM-0000222,PORTAL-SESSION-0000222,CLI-0015,PORTAL-USER-00030,Executive Viewer,healthcare-client-15.example.com,2025-11-03T01:00:00,Client Portal,REQ-0000222,Maintenance Query,Low,15.4,N,Escalated,2025-11-03T01:00:00,2025-11-16T01:00:00
CRM-0000223,PORTAL-SESSION-0000223,CLI-0005,PORTAL-USER-00087,Executive Viewer,healthcare-client-05.example.com,2025-03-08T06:00:00,Email,REQ-0000223,Maintenance Query,Critical,27.9,N,Escalated,2025-03-08T06:00:00,2025-03-13T06:00:00
CRM-0000224,PORTAL-SESSION-0000224,CLI-0008,PORTAL-USER-00054,Fleet Manager,government-client-08.example.com,2025-01-21T14:00:00,Client Portal,REQ-0000224,Vehicle Order,High,19.7,N,Resolved,2025-01-21T14:00:00,2025-01-28T14:00:00
CRM-0000225,PORTAL-SESSION-0000225,CLI-0017,PORTAL-USER-00022,Driver Coordinator,construction-client-17.example.com,2025-01-17T00:00:00,Email,REQ-0000225,Vehicle Order,Medium,7.8,Y,Pending Client,2025-01-17T00:00:00,2025-01-19T00:00:00
CRM-0000226,PORTAL-SESSION-0000226,CLI-0004,PORTAL-USER-00005,Executive Viewer,utilities-client-04.example.com,2025-07-20T18:00:00,Phone,REQ-0000226,Report Download,High,30.5,N,Escalated,2025-07-20T18:00:00,2025-07-30T18:00:00
CRM-0000227,PORTAL-SESSION-0000227,CLI-0016,PORTAL-USER-00057,Driver Coordinator,government-client-16.example.com,2025-01-11T12:00:00,Client Portal,REQ-0000227,Maintenance Query,Low,8.9,N,Pending Client,2025-01-11T12:00:00,2025-01-12T12:00:00
CRM-0000228,PORTAL-SESSION-0000228,CLI-0011,PORTAL-USER-00015,Executive Viewer,government-client-11.example.com,2025-01-29T23:00:00,Email,REQ-0000228,Vehicle Order,Critical,2.7,Y,Open,2025-01-29T23:00:00,2025-02-01T23:00:00
CRM-0000229,PORTAL-SESSION-0000229,CLI-0007,PORTAL-USER-00084,Driver Coordinator,utilities-client-07.example.com,2025-07-06T01:00:00,CRM Case,REQ-0000229,Invoice Query,Medium,25.3,N,Pending Client,2025-07-06T01:00:00,2025-07-15T01:00:00
CRM-0000230,PORTAL-SESSION-0000230,CLI-0005,PORTAL-USER-00038,Fleet Manager,healthcare-client-05.example.com,2025-05-28T17:00:00,CRM Case,REQ-0000230,Quote Request,Low,10.9,N,Escalated,2025-05-28T17:00:00,2025-06-06T17:00:00
CRM-0000231,PORTAL-SESSION-0000231,CLI-0003,PORTAL-USER-00041,Finance User,healthcare-client-03.example.com,2026-02-21T00:00:00,Client Portal,REQ-0000231,Vehicle Order,Low,13.3,N,Escalated,2026-02-21T00:00:00,2026-02-28T00:00:00
CRM-0000232,PORTAL-SESSION-0000232,CLI-0012,PORTAL-USER-00071,Executive Viewer,government-client-12.example.com,2026-01-26T22:00:00,Email,REQ-0000232,Maintenance Query,Medium,8.4,N,Pending Client,2026-01-26T22:00:00,2026-01-30T22:00:00
CRM-0000233,PORTAL-SESSION-0000233,CLI-0018,PORTAL-USER-00001,Driver Coordinator,professional-services-client-18.example.com,2025-02-16T02:00:00,Client Portal,REQ-0000233,Quote Request,High,32.8,Y,Resolved,2025-02-16T02:00:00,2025-02-28T02:00:00
CRM-0000234,PORTAL-SESSION-0000234,CLI-0005,PORTAL-USER-00075,Executive Viewer,healthcare-client-05.example.com,2025-09-09T16:00:00,Client Portal,REQ-0000234,Invoice Query,Critical,9.0,N,Resolved,2025-09-09T16:00:00,2025-09-20T16:00:00
CRM-0000235,PORTAL-SESSION-0000235,CLI-0004,PORTAL-USER-00010,Executive Viewer,utilities-client-04.example.com,2025-03-12T17:00:00,Phone,REQ-0000235,Invoice Query,Low,4.9,N,Escalated,2025-03-12T17:00:00,2025-03-20T17:00:00
CRM-0000236,PORTAL-SESSION-0000236,CLI-0004,PORTAL-USER-00034,Finance User,utilities-client-04.example.com,2025-06-24T11:00:00,Phone,REQ-0000236,Renewal Discussion,Low,27.5,Y,Pending Client,2025-06-24T11:00:00,2025-06-27T11:00:00
CRM-0000237,PORTAL-SESSION-0000237,CLI-0013,PORTAL-USER-00038,Driver Coordinator,utilities-client-13.example.com,2025-01-10T04:00:00,Phone,REQ-0000237,Renewal Discussion,High,27.8,Y,Escalated,2025-01-10T04:00:00,2025-01-17T04:00:00
CRM-0000238,PORTAL-SESSION-0000238,CLI-0005,PORTAL-USER-00009,Executive Viewer,healthcare-client-05.example.com,2025-01-19T11:00:00,Client Portal,REQ-0000238,Quote Request,Critical,7.4,Y,Open,2025-01-19T11:00:00,2025-01-24T11:00:00
CRM-0000239,PORTAL-SESSION-0000239,CLI-0013,PORTAL-USER-00084,Executive Viewer,utilities-client-13.example.com,2026-02-17T08:00:00,CRM Case,REQ-0000239,Maintenance Query,Low,7.9,Y,Resolved,2026-02-17T08:00:00,2026-02-21T08:00:00
CRM-0000240,PORTAL-SESSION-0000240,CLI-0008,PORTAL-USER-00024,Executive Viewer,government-client-08.example.com,2025-09-29T00:00:00,Email,REQ-0000240,Quote Request,High,18.2,N,Escalated,2025-09-29T00:00:00,2025-10-09T00:00:00
CRM-0000241,PORTAL-SESSION-0000241,CLI-0006,PORTAL-USER-00021,Finance User,utilities-client-06.example.com,2025-07-16T01:00:00,Email,REQ-0000241,Invoice Query,Critical,24.7,Y,Pending Client,2025-07-16T01:00:00,2025-07-30T01:00:00
CRM-0000242,PORTAL-SESSION-0000242,CLI-0015,PORTAL-USER-00067,Driver Coordinator,healthcare-client-15.example.com,2025-04-06T17:00:00,Client Portal,REQ-0000242,Maintenance Query,Critical,15.5,N,Open,2025-04-06T17:00:00,2025-04-13T17:00:00
CRM-0000243,PORTAL-SESSION-0000243,CLI-0013,PORTAL-USER-00019,Executive Viewer,utilities-client-13.example.com,2025-12-16T06:00:00,Client Portal,REQ-0000243,Renewal Discussion,Medium,34.0,N,Escalated,2025-12-16T06:00:00,2025-12-23T06:00:00
CRM-0000244,PORTAL-SESSION-0000244,CLI-0014,PORTAL-USER-00046,Finance User,professional-services-client-14.example.com,2025-12-21T04:00:00,CRM Case,REQ-0000244,Report Download,Critical,26.0,Y,Open,2025-12-21T04:00:00,2025-12-27T04:00:00
CRM-0000245,PORTAL-SESSION-0000245,CLI-0001,PORTAL-USER-00067,Executive Viewer,professional-services-client-01.example.com,2026-02-13T08:00:00,CRM Case,REQ-0000245,Vehicle Order,Low,25.0,N,Pending Client,2026-02-13T08:00:00,2026-02-17T08:00:00
CRM-0000246,PORTAL-SESSION-0000246,CLI-0001,PORTAL-USER-00088,Finance User,professional-services-client-01.example.com,2025-06-27T00:00:00,Phone,REQ-0000246,Vehicle Order,Critical,26.7,N,Escalated,2025-06-27T00:00:00,2025-07-03T00:00:00
CRM-0000247,PORTAL-SESSION-0000247,CLI-0009,PORTAL-USER-00041,Finance User,professional-services-client-09.example.com,2026-02-02T00:00:00,Email,REQ-0000247,Maintenance Query,Critical,2.2,Y,Escalated,2026-02-02T00:00:00,2026-02-09T00:00:00
CRM-0000248,PORTAL-SESSION-0000248,CLI-0011,PORTAL-USER-00021,Executive Viewer,government-client-11.example.com,2025-06-26T08:00:00,Client Portal,REQ-0000248,Report Download,Low,8.8,N,Pending Client,2025-06-26T08:00:00,2025-07-09T08:00:00
CRM-0000249,PORTAL-SESSION-0000249,CLI-0006,PORTAL-USER-00052,Finance User,utilities-client-06.example.com,2025-09-02T06:00:00,Phone,REQ-0000249,Renewal Discussion,Medium,6.6,N,Pending Client,2025-09-02T06:00:00,2025-09-12T06:00:00
CRM-0000250,PORTAL-SESSION-0000250,CLI-0005,PORTAL-USER-00014,Fleet Manager,healthcare-client-05.example.com,2025-09-04T03:00:00,Phone,REQ-0000250,Invoice Query,Critical,15.4,N,Escalated,2025-09-04T03:00:00,2025-09-05T03:00:00
CRM-0000251,PORTAL-SESSION-0000251,CLI-0014,PORTAL-USER-00038,Finance User,professional-services-client-14.example.com,2025-03-26T01:00:00,Email,REQ-0000251,Quote Request,High,9.7,Y,Pending Client,2025-03-26T01:00:00,2025-03-26T01:00:00
CRM-0000252,PORTAL-SESSION-0000252,CLI-0012,PORTAL-USER-00055,Fleet Manager,government-client-12.example.com,2025-03-31T03:00:00,CRM Case,REQ-0000252,Report Download,Medium,6.8,N,Escalated,2025-03-31T03:00:00,2025-04-09T03:00:00
CRM-0000253,PORTAL-SESSION-0000253,CLI-0018,PORTAL-USER-00035,Finance User,professional-services-client-18.example.com,2025-01-08T03:00:00,Phone,REQ-0000253,Invoice Query,Critical,29.9,N,Escalated,2025-01-08T03:00:00,2025-01-16T03:00:00
CRM-0000254,PORTAL-SESSION-0000254,CLI-0001,PORTAL-USER-00058,Executive Viewer,professional-services-client-01.example.com,2026-03-21T02:00:00,Client Portal,REQ-0000254,Vehicle Order,Low,14.5,N,Escalated,2026-03-21T02:00:00,2026-04-04T02:00:00
CRM-0000255,PORTAL-SESSION-0000255,CLI-0002,PORTAL-USER-00088,Fleet Manager,utilities-client-02.example.com,2026-03-31T10:00:00,Client Portal,REQ-0000255,Invoice Query,Medium,7.6,Y,Escalated,2026-03-31T10:00:00,2026-04-02T10:00:00
CRM-0000256,PORTAL-SESSION-0000256,CLI-0009,PORTAL-USER-00049,Finance User,professional-services-client-09.example.com,2026-04-15T08:00:00,Client Portal,REQ-0000256,Maintenance Query,Medium,20.3,Y,Escalated,2026-04-15T08:00:00,2026-04-18T08:00:00
CRM-0000257,PORTAL-SESSION-0000257,CLI-0018,PORTAL-USER-00029,Fleet Manager,professional-services-client-18.example.com,2025-01-03T17:00:00,Phone,REQ-0000257,Invoice Query,High,2.3,N,Resolved,2025-01-03T17:00:00,2025-01-04T17:00:00
CRM-0000258,PORTAL-SESSION-0000258,CLI-0008,PORTAL-USER-00029,Finance User,government-client-08.example.com,2026-01-13T19:00:00,Phone,REQ-0000258,Renewal Discussion,Medium,35.7,Y,Pending Client,2026-01-13T19:00:00,2026-01-21T19:00:00
CRM-0000259,PORTAL-SESSION-0000259,CLI-0003,PORTAL-USER-00016,Executive Viewer,healthcare-client-03.example.com,2025-03-23T18:00:00,CRM Case,REQ-0000259,Invoice Query,Low,10.8,Y,Open,2025-03-23T18:00:00,2025-03-25T18:00:00
CRM-0000260,PORTAL-SESSION-0000260,CLI-0014,PORTAL-USER-00058,Executive Viewer,professional-services-client-14.example.com,2026-01-03T13:00:00,Email,REQ-0000260,Vehicle Order,Critical,31.1,N,Resolved,2026-01-03T13:00:00,2026-01-06T13:00:00
CRM-0000261,PORTAL-SESSION-0000261,CLI-0016,PORTAL-USER-00081,Driver Coordinator,government-client-16.example.com,2025-05-16T19:00:00,Client Portal,REQ-0000261,Maintenance Query,Low,18.3,Y,Resolved,2025-05-16T19:00:00,2025-05-29T19:00:00
CRM-0000262,PORTAL-SESSION-0000262,CLI-0001,PORTAL-USER-00064,Driver Coordinator,professional-services-client-01.example.com,2025-08-03T23:00:00,Phone,REQ-0000262,Quote Request,Medium,1.7,N,Open,2025-08-03T23:00:00,2025-08-12T23:00:00
CRM-0000263,PORTAL-SESSION-0000263,CLI-0006,PORTAL-USER-00022,Finance User,utilities-client-06.example.com,2025-11-01T01:00:00,Client Portal,REQ-0000263,Invoice Query,High,31.8,N,Open,2025-11-01T01:00:00,2025-11-05T01:00:00
CRM-0000264,PORTAL-SESSION-0000264,CLI-0009,PORTAL-USER-00005,Finance User,professional-services-client-09.example.com,2025-10-05T18:00:00,CRM Case,REQ-0000264,Vehicle Order,High,34.5,N,Pending Client,2025-10-05T18:00:00,2025-10-07T18:00:00
CRM-0000265,PORTAL-SESSION-0000265,CLI-0001,PORTAL-USER-00032,Driver Coordinator,professional-services-client-01.example.com,2026-05-06T05:00:00,Client Portal,REQ-0000265,Quote Request,Medium,29.2,N,Resolved,2026-05-06T05:00:00,2026-05-19T05:00:00
CRM-0000266,PORTAL-SESSION-0000266,CLI-0002,PORTAL-USER-00029,Driver Coordinator,utilities-client-02.example.com,2025-02-28T19:00:00,Email,REQ-0000266,Invoice Query,Low,8.2,Y,Resolved,2025-02-28T19:00:00,2025-03-11T19:00:00
CRM-0000267,PORTAL-SESSION-0000267,CLI-0007,PORTAL-USER-00032,Finance User,utilities-client-07.example.com,2025-11-16T06:00:00,CRM Case,REQ-0000267,Invoice Query,Medium,14.2,N,Escalated,2025-11-16T06:00:00,2025-11-18T06:00:00
CRM-0000268,PORTAL-SESSION-0000268,CLI-0001,PORTAL-USER-00004,Driver Coordinator,professional-services-client-01.example.com,2026-02-20T17:00:00,CRM Case,REQ-0000268,Quote Request,Medium,30.0,N,Resolved,2026-02-20T17:00:00,2026-02-21T17:00:00
CRM-0000269,PORTAL-SESSION-0000269,CLI-0006,PORTAL-USER-00008,Executive Viewer,utilities-client-06.example.com,2026-03-27T18:00:00,Email,REQ-0000269,Report Download,Critical,11.3,N,Open,2026-03-27T18:00:00,2026-03-28T18:00:00
CRM-0000270,PORTAL-SESSION-0000270,CLI-0005,PORTAL-USER-00052,Finance User,healthcare-client-05.example.com,2025-05-05T15:00:00,Client Portal,REQ-0000270,Maintenance Query,Critical,11.2,N,Resolved,2025-05-05T15:00:00,2025-05-07T15:00:00
CRM-0000271,PORTAL-SESSION-0000271,CLI-0003,PORTAL-USER-00050,Finance User,healthcare-client-03.example.com,2026-04-10T00:00:00,Email,REQ-0000271,Renewal Discussion,Low,20.4,Y,Resolved,2026-04-10T00:00:00,2026-04-19T00:00:00
CRM-0000272,PORTAL-SESSION-0000272,CLI-0004,PORTAL-USER-00024,Executive Viewer,utilities-client-04.example.com,2025-10-28T04:00:00,Phone,REQ-0000272,Quote Request,Medium,3.7,N,Pending Client,2025-10-28T04:00:00,2025-11-08T04:00:00
CRM-0000273,PORTAL-SESSION-0000273,CLI-0013,PORTAL-USER-00036,Executive Viewer,utilities-client-13.example.com,2025-03-07T13:00:00,Email,REQ-0000273,Vehicle Order,Critical,9.1,N,Pending Client,2025-03-07T13:00:00,2025-03-18T13:00:00
CRM-0000274,PORTAL-SESSION-0000274,CLI-0001,PORTAL-USER-00055,Fleet Manager,professional-services-client-01.example.com,2026-04-01T19:00:00,Phone,REQ-0000274,Vehicle Order,Low,0.3,N,Resolved,2026-04-01T19:00:00,2026-04-06T19:00:00
CRM-0000275,PORTAL-SESSION-0000275,CLI-0005,PORTAL-USER-00025,Finance User,healthcare-client-05.example.com,2025-05-19T01:00:00,Client Portal,REQ-0000275,Quote Request,High,24.9,N,Resolved,2025-05-19T01:00:00,2025-05-19T01:00:00
CRM-0000276,PORTAL-SESSION-0000276,CLI-0011,PORTAL-USER-00027,Finance User,government-client-11.example.com,2025-02-18T08:00:00,Client Portal,REQ-0000276,Report Download,Low,10.9,N,Escalated,2025-02-18T08:00:00,2025-02-25T08:00:00
CRM-0000277,PORTAL-SESSION-0000277,CLI-0015,PORTAL-USER-00034,Executive Viewer,healthcare-client-15.example.com,2025-11-23T04:00:00,CRM Case,REQ-0000277,Invoice Query,High,31.0,N,Open,2025-11-23T04:00:00,2025-12-01T04:00:00
CRM-0000278,PORTAL-SESSION-0000278,CLI-0018,PORTAL-USER-00033,Driver Coordinator,professional-services-client-18.example.com,2025-05-01T22:00:00,Client Portal,REQ-0000278,Report Download,Medium,26.5,N,Resolved,2025-05-01T22:00:00,2025-05-13T22:00:00
CRM-0000279,PORTAL-SESSION-0000279,CLI-0018,PORTAL-USER-00006,Executive Viewer,professional-services-client-18.example.com,2025-09-05T15:00:00,Phone,REQ-0000279,Renewal Discussion,Critical,29.9,N,Pending Client,2025-09-05T15:00:00,2025-09-19T15:00:00
CRM-0000280,PORTAL-SESSION-0000280,CLI-0008,PORTAL-USER-00076,Executive Viewer,government-client-08.example.com,2026-01-23T05:00:00,Email,REQ-0000280,Quote Request,High,31.4,N,Pending Client,2026-01-23T05:00:00,2026-01-28T05:00:00
CRM-0000281,PORTAL-SESSION-0000281,CLI-0015,PORTAL-USER-00086,Driver Coordinator,healthcare-client-15.example.com,2026-01-02T17:00:00,Phone,REQ-0000281,Invoice Query,Low,31.8,N,Resolved,2026-01-02T17:00:00,2026-01-13T17:00:00
CRM-0000282,PORTAL-SESSION-0000282,CLI-0017,PORTAL-USER-00070,Finance User,construction-client-17.example.com,2025-09-29T06:00:00,Email,REQ-0000282,Renewal Discussion,Critical,25.6,Y,Pending Client,2025-09-29T06:00:00,2025-10-05T06:00:00
CRM-0000283,PORTAL-SESSION-0000283,CLI-0006,PORTAL-USER-00066,Driver Coordinator,utilities-client-06.example.com,2025-01-10T23:00:00,Phone,REQ-0000283,Maintenance Query,Medium,23.7,N,Resolved,2025-01-10T23:00:00,2025-01-14T23:00:00
CRM-0000284,PORTAL-SESSION-0000284,CLI-0007,PORTAL-USER-00041,Driver Coordinator,utilities-client-07.example.com,2026-03-18T20:00:00,Client Portal,REQ-0000284,Report Download,Critical,6.2,N,Pending Client,2026-03-18T20:00:00,2026-03-20T20:00:00
CRM-0000285,PORTAL-SESSION-0000285,CLI-0012,PORTAL-USER-00069,Finance User,government-client-12.example.com,2025-01-05T03:00:00,Email,REQ-0000285,Renewal Discussion,Critical,6.1,N,Escalated,2025-01-05T03:00:00,2025-01-07T03:00:00
CRM-0000286,PORTAL-SESSION-0000286,CLI-0018,PORTAL-USER-00076,Driver Coordinator,professional-services-client-18.example.com,2025-07-30T06:00:00,CRM Case,REQ-0000286,Renewal Discussion,Low,3.4,N,Pending Client,2025-07-30T06:00:00,2025-08-02T06:00:00
CRM-0000287,PORTAL-SESSION-0000287,CLI-0009,PORTAL-USER-00073,Finance User,professional-services-client-09.example.com,2025-02-14T09:00:00,Client Portal,REQ-0000287,Quote Request,Critical,14.3,Y,Open,2025-02-14T09:00:00,2025-02-16T09:00:00
CRM-0000288,PORTAL-SESSION-0000288,CLI-0014,PORTAL-USER-00034,Driver Coordinator,professional-services-client-14.example.com,2025-07-24T00:00:00,Client Portal,REQ-0000288,Report Download,High,15.5,N,Open,2025-07-24T00:00:00,2025-07-31T00:00:00
CRM-0000289,PORTAL-SESSION-0000289,CLI-0010,PORTAL-USER-00003,Finance User,government-client-10.example.com,2025-11-28T01:00:00,Client Portal,REQ-0000289,Quote Request,Low,20.7,N,Resolved,2025-11-28T01:00:00,2025-12-10T01:00:00
CRM-0000290,PORTAL-SESSION-0000290,CLI-0007,PORTAL-USER-00023,Finance User,utilities-client-07.example.com,2025-10-03T19:00:00,CRM Case,REQ-0000290,Invoice Query,Critical,3.5,N,Escalated,2025-10-03T19:00:00,2025-10-16T19:00:00
CRM-0000291,PORTAL-SESSION-0000291,CLI-0001,PORTAL-USER-00054,Fleet Manager,professional-services-client-01.example.com,2025-12-22T01:00:00,CRM Case,REQ-0000291,Maintenance Query,Critical,23.8,N,Escalated,2025-12-22T01:00:00,2025-12-26T01:00:00
CRM-0000292,PORTAL-SESSION-0000292,CLI-0013,PORTAL-USER-00054,Fleet Manager,utilities-client-13.example.com,2025-02-26T21:00:00,Phone,REQ-0000292,Maintenance Query,Medium,14.1,N,Resolved,2025-02-26T21:00:00,2025-02-26T21:00:00
CRM-0000293,PORTAL-SESSION-0000293,CLI-0001,PORTAL-USER-00030,Executive Viewer,professional-services-client-01.example.com,2025-10-21T10:00:00,CRM Case,REQ-0000293,Vehicle Order,High,15.3,Y,Escalated,2025-10-21T10:00:00,2025-10-31T10:00:00
CRM-0000294,PORTAL-SESSION-0000294,CLI-0005,PORTAL-USER-00087,Fleet Manager,healthcare-client-05.example.com,2026-03-15T07:00:00,CRM Case,REQ-0000294,Vehicle Order,Critical,4.2,N,Resolved,2026-03-15T07:00:00,2026-03-26T07:00:00
CRM-0000295,PORTAL-SESSION-0000295,CLI-0003,PORTAL-USER-00039,Finance User,healthcare-client-03.example.com,2026-05-10T13:00:00,CRM Case,REQ-0000295,Renewal Discussion,Low,14.1,N,Resolved,2026-05-10T13:00:00,2026-05-11T13:00:00
CRM-0000296,PORTAL-SESSION-0000296,CLI-0007,PORTAL-USER-00060,Executive Viewer,utilities-client-07.example.com,2025-08-24T05:00:00,Phone,REQ-0000296,Report Download,High,17.2,Y,Open,2025-08-24T05:00:00,2025-08-30T05:00:00
CRM-0000297,PORTAL-SESSION-0000297,CLI-0007,PORTAL-USER-00078,Driver Coordinator,utilities-client-07.example.com,2026-02-09T08:00:00,CRM Case,REQ-0000297,Report Download,Low,29.5,Y,Open,2026-02-09T08:00:00,2026-02-16T08:00:00
CRM-0000298,PORTAL-SESSION-0000298,CLI-0011,PORTAL-USER-00013,Executive Viewer,government-client-11.example.com,2026-03-16T10:00:00,Client Portal,REQ-0000298,Quote Request,Critical,22.3,N,Pending Client,2026-03-16T10:00:00,2026-03-20T10:00:00
CRM-0000299,PORTAL-SESSION-0000299,CLI-0006,PORTAL-USER-00037,Finance User,utilities-client-06.example.com,2025-01-22T05:00:00,Phone,REQ-0000299,Invoice Query,High,27.8,N,Escalated,2025-01-22T05:00:00,2025-01-24T05:00:00
CRM-0000300,PORTAL-SESSION-0000300,CLI-0008,PORTAL-USER-00055,Driver Coordinator,government-client-08.example.com,2025-05-18T11:00:00,CRM Case,REQ-0000300,Report Download,Critical,20.7,Y,Open,2025-05-18T11:00:00,2025-05-20T11:00:00
CRM-0000301,PORTAL-SESSION-0000301,CLI-0012,PORTAL-USER-00069,Driver Coordinator,government-client-12.example.com,2026-03-24T09:00:00,CRM Case,REQ-0000301,Maintenance Query,Medium,15.1,N,Resolved,2026-03-24T09:00:00,2026-04-04T09:00:00
CRM-0000302,PORTAL-SESSION-0000302,CLI-0015,PORTAL-USER-00067,Executive Viewer,healthcare-client-15.example.com,2025-03-30T06:00:00,Email,REQ-0000302,Quote Request,Low,35.3,N,Resolved,2025-03-30T06:00:00,2025-04-02T06:00:00
CRM-0000303,PORTAL-SESSION-0000303,CLI-0017,PORTAL-USER-00081,Driver Coordinator,construction-client-17.example.com,2026-03-24T10:00:00,Phone,REQ-0000303,Renewal Discussion,High,6.4,Y,Resolved,2026-03-24T10:00:00,2026-03-27T10:00:00
CRM-0000304,PORTAL-SESSION-0000304,CLI-0011,PORTAL-USER-00078,Fleet Manager,government-client-11.example.com,2026-02-04T18:00:00,Client Portal,REQ-0000304,Report Download,Medium,17.2,N,Resolved,2026-02-04T18:00:00,2026-02-14T18:00:00
CRM-0000305,PORTAL-SESSION-0000305,CLI-0014,PORTAL-USER-00063,Executive Viewer,professional-services-client-14.example.com,2025-01-26T09:00:00,Client Portal,REQ-0000305,Invoice Query,Medium,16.5,N,Resolved,2025-01-26T09:00:00,2025-01-29T09:00:00
CRM-0000306,PORTAL-SESSION-0000306,CLI-0015,PORTAL-USER-00049,Fleet Manager,healthcare-client-15.example.com,2025-01-27T12:00:00,Phone,REQ-0000306,Renewal Discussion,High,31.6,N,Escalated,2025-01-27T12:00:00,2025-02-09T12:00:00
CRM-0000307,PORTAL-SESSION-0000307,CLI-0015,PORTAL-USER-00050,Finance User,healthcare-client-15.example.com,2025-03-09T21:00:00,Phone,REQ-0000307,Report Download,Low,13.3,N,Open,2025-03-09T21:00:00,2025-03-17T21:00:00
CRM-0000308,PORTAL-SESSION-0000308,CLI-0012,PORTAL-USER-00078,Fleet Manager,government-client-12.example.com,2026-02-23T16:00:00,Client Portal,REQ-0000308,Vehicle Order,Critical,17.2,N,Open,2026-02-23T16:00:00,2026-02-23T16:00:00
CRM-0000309,PORTAL-SESSION-0000309,CLI-0017,PORTAL-USER-00006,Executive Viewer,construction-client-17.example.com,2025-06-07T10:00:00,Phone,REQ-0000309,Quote Request,High,35.1,N,Escalated,2025-06-07T10:00:00,2025-06-19T10:00:00
CRM-0000310,PORTAL-SESSION-0000310,CLI-0014,PORTAL-USER-00005,Finance User,professional-services-client-14.example.com,2025-01-18T10:00:00,CRM Case,REQ-0000310,Maintenance Query,High,32.9,N,Pending Client,2025-01-18T10:00:00,2025-01-18T10:00:00
CRM-0000311,PORTAL-SESSION-0000311,CLI-0013,PORTAL-USER-00057,Finance User,utilities-client-13.example.com,2025-09-05T20:00:00,Client Portal,REQ-0000311,Maintenance Query,Critical,25.3,N,Pending Client,2025-09-05T20:00:00,2025-09-07T20:00:00
CRM-0000312,PORTAL-SESSION-0000312,CLI-0006,PORTAL-USER-00061,Driver Coordinator,utilities-client-06.example.com,2025-08-04T13:00:00,Client Portal,REQ-0000312,Report Download,Low,27.8,Y,Escalated,2025-08-04T13:00:00,2025-08-09T13:00:00
CRM-0000313,PORTAL-SESSION-0000313,CLI-0007,PORTAL-USER-00087,Fleet Manager,utilities-client-07.example.com,2025-09-15T10:00:00,Phone,REQ-0000313,Maintenance Query,Medium,20.7,N,Resolved,2025-09-15T10:00:00,2025-09-25T10:00:00
CRM-0000314,PORTAL-SESSION-0000314,CLI-0006,PORTAL-USER-00089,Executive Viewer,utilities-client-06.example.com,2025-12-23T16:00:00,Phone,REQ-0000314,Quote Request,High,28.8,N,Open,2025-12-23T16:00:00,2026-01-05T16:00:00
CRM-0000315,PORTAL-SESSION-0000315,CLI-0010,PORTAL-USER-00018,Fleet Manager,government-client-10.example.com,2025-10-20T04:00:00,Phone,REQ-0000315,Quote Request,High,23.4,Y,Open,2025-10-20T04:00:00,2025-10-28T04:00:00
CRM-0000316,PORTAL-SESSION-0000316,CLI-0013,PORTAL-USER-00057,Fleet Manager,utilities-client-13.example.com,2025-12-16T23:00:00,Phone,REQ-0000316,Maintenance Query,Medium,6.8,N,Open,2025-12-16T23:00:00,2025-12-22T23:00:00
CRM-0000317,PORTAL-SESSION-0000317,CLI-0006,PORTAL-USER-00002,Executive Viewer,utilities-client-06.example.com,2025-10-23T21:00:00,CRM Case,REQ-0000317,Report Download,Medium,27.6,N,Pending Client,2025-10-23T21:00:00,2025-10-30T21:00:00
CRM-0000318,PORTAL-SESSION-0000318,CLI-0004,PORTAL-USER-00054,Driver Coordinator,utilities-client-04.example.com,2025-10-15T04:00:00,CRM Case,REQ-0000318,Vehicle Order,Critical,3.3,N,Escalated,2025-10-15T04:00:00,2025-10-28T04:00:00
CRM-0000319,PORTAL-SESSION-0000319,CLI-0010,PORTAL-USER-00022,Executive Viewer,government-client-10.example.com,2025-11-09T08:00:00,Email,REQ-0000319,Vehicle Order,Low,7.5,N,Open,2025-11-09T08:00:00,2025-11-19T08:00:00
CRM-0000320,PORTAL-SESSION-0000320,CLI-0008,PORTAL-USER-00039,Fleet Manager,government-client-08.example.com,2026-05-06T10:00:00,Client Portal,REQ-0000320,Invoice Query,High,27.9,Y,Escalated,2026-05-06T10:00:00,2026-05-06T10:00:00
CRM-0000321,PORTAL-SESSION-0000321,CLI-0013,PORTAL-USER-00009,Driver Coordinator,utilities-client-13.example.com,2025-11-03T05:00:00,Phone,REQ-0000321,Vehicle Order,Low,13.3,N,Resolved,2025-11-03T05:00:00,2025-11-06T05:00:00
CRM-0000322,PORTAL-SESSION-0000322,CLI-0018,PORTAL-USER-00036,Finance User,professional-services-client-18.example.com,2026-04-13T16:00:00,Client Portal,REQ-0000322,Renewal Discussion,Medium,28.2,N,Escalated,2026-04-13T16:00:00,2026-04-24T16:00:00
CRM-0000323,PORTAL-SESSION-0000323,CLI-0018,PORTAL-USER-00061,Fleet Manager,professional-services-client-18.example.com,2025-02-27T13:00:00,Phone,REQ-0000323,Renewal Discussion,Critical,34.3,N,Pending Client,2025-02-27T13:00:00,2025-03-09T13:00:00
CRM-0000324,PORTAL-SESSION-0000324,CLI-0004,PORTAL-USER-00068,Fleet Manager,utilities-client-04.example.com,2025-06-25T20:00:00,Client Portal,REQ-0000324,Maintenance Query,High,31.8,N,Open,2025-06-25T20:00:00,2025-06-30T20:00:00
CRM-0000325,PORTAL-SESSION-0000325,CLI-0001,PORTAL-USER-00006,Fleet Manager,professional-services-client-01.example.com,2025-04-13T14:00:00,Phone,REQ-0000325,Quote Request,Medium,14.9,N,Open,2025-04-13T14:00:00,2025-04-20T14:00:00
CRM-0000326,PORTAL-SESSION-0000326,CLI-0002,PORTAL-USER-00066,Fleet Manager,utilities-client-02.example.com,2025-04-15T00:00:00,Client Portal,REQ-0000326,Maintenance Query,Medium,14.5,N,Escalated,2025-04-15T00:00:00,2025-04-23T00:00:00
CRM-0000327,PORTAL-SESSION-0000327,CLI-0006,PORTAL-USER-00039,Driver Coordinator,utilities-client-06.example.com,2025-11-30T09:00:00,Client Portal,REQ-0000327,Renewal Discussion,Low,16.5,N,Pending Client,2025-11-30T09:00:00,2025-12-10T09:00:00
CRM-0000328,PORTAL-SESSION-0000328,CLI-0015,PORTAL-USER-00012,Fleet Manager,healthcare-client-15.example.com,2025-11-20T08:00:00,Phone,REQ-0000328,Report Download,Low,15.3,N,Escalated,2025-11-20T08:00:00,2025-12-03T08:00:00
CRM-0000329,PORTAL-SESSION-0000329,CLI-0004,PORTAL-USER-00052,Executive Viewer,utilities-client-04.example.com,2025-03-29T15:00:00,CRM Case,REQ-0000329,Quote Request,Low,19.1,N,Pending Client,2025-03-29T15:00:00,2025-04-07T15:00:00
CRM-0000330,PORTAL-SESSION-0000330,CLI-0004,PORTAL-USER-00082,Finance User,utilities-client-04.example.com,2025-08-22T01:00:00,Phone,REQ-0000330,Vehicle Order,High,10.2,N,Resolved,2025-08-22T01:00:00,2025-09-03T01:00:00
CRM-0000331,PORTAL-SESSION-0000331,CLI-0013,PORTAL-USER-00024,Driver Coordinator,utilities-client-13.example.com,2025-11-19T20:00:00,Email,REQ-0000331,Report Download,Critical,32.4,N,Pending Client,2025-11-19T20:00:00,2025-11-19T20:00:00
CRM-0000332,PORTAL-SESSION-0000332,CLI-0010,PORTAL-USER-00085,Finance User,government-client-10.example.com,2026-02-19T21:00:00,Email,REQ-0000332,Vehicle Order,High,7.8,N,Open,2026-02-19T21:00:00,2026-03-05T21:00:00
CRM-0000333,PORTAL-SESSION-0000333,CLI-0005,PORTAL-USER-00059,Driver Coordinator,healthcare-client-05.example.com,2026-05-05T07:00:00,CRM Case,REQ-0000333,Quote Request,Medium,19.9,N,Escalated,2026-05-05T07:00:00,2026-05-11T07:00:00
CRM-0000334,PORTAL-SESSION-0000334,CLI-0002,PORTAL-USER-00049,Executive Viewer,utilities-client-02.example.com,2025-05-08T19:00:00,Client Portal,REQ-0000334,Vehicle Order,High,8.8,N,Pending Client,2025-05-08T19:00:00,2025-05-21T19:00:00
CRM-0000335,PORTAL-SESSION-0000335,CLI-0010,PORTAL-USER-00046,Finance User,government-client-10.example.com,2025-01-22T11:00:00,Phone,REQ-0000335,Invoice Query,Low,25.2,Y,Resolved,2025-01-22T11:00:00,2025-02-03T11:00:00
CRM-0000336,PORTAL-SESSION-0000336,CLI-0009,PORTAL-USER-00032,Executive Viewer,professional-services-client-09.example.com,2025-12-14T00:00:00,Email,REQ-0000336,Report Download,Medium,4.4,Y,Escalated,2025-12-14T00:00:00,2025-12-17T00:00:00
CRM-0000337,PORTAL-SESSION-0000337,CLI-0017,PORTAL-USER-00052,Executive Viewer,construction-client-17.example.com,2025-07-09T08:00:00,CRM Case,REQ-0000337,Vehicle Order,Medium,8.4,N,Escalated,2025-07-09T08:00:00,2025-07-15T08:00:00
CRM-0000338,PORTAL-SESSION-0000338,CLI-0015,PORTAL-USER-00068,Executive Viewer,healthcare-client-15.example.com,2025-11-06T19:00:00,Email,REQ-0000338,Report Download,Low,4.7,N,Escalated,2025-11-06T19:00:00,2025-11-20T19:00:00
CRM-0000339,PORTAL-SESSION-0000339,CLI-0006,PORTAL-USER-00007,Driver Coordinator,utilities-client-06.example.com,2025-03-11T23:00:00,CRM Case,REQ-0000339,Report Download,Critical,6.7,Y,Pending Client,2025-03-11T23:00:00,2025-03-11T23:00:00
CRM-0000340,PORTAL-SESSION-0000340,CLI-0013,PORTAL-USER-00010,Executive Viewer,utilities-client-13.example.com,2025-08-02T12:00:00,Phone,REQ-0000340,Vehicle Order,Medium,32.1,Y,Pending Client,2025-08-02T12:00:00,2025-08-11T12:00:00
CRM-0000341,PORTAL-SESSION-0000341,CLI-0018,PORTAL-USER-00042,Executive Viewer,professional-services-client-18.example.com,2025-05-07T06:00:00,Phone,REQ-0000341,Report Download,Critical,25.6,Y,Pending Client,2025-05-07T06:00:00,2025-05-12T06:00:00
CRM-0000342,PORTAL-SESSION-0000342,CLI-0014,PORTAL-USER-00016,Finance User,professional-services-client-14.example.com,2025-01-07T09:00:00,Email,REQ-0000342,Report Download,Medium,1.9,N,Pending Client,2025-01-07T09:00:00,2025-01-08T09:00:00
CRM-0000343,PORTAL-SESSION-0000343,CLI-0011,PORTAL-USER-00068,Finance User,government-client-11.example.com,2025-04-13T19:00:00,Client Portal,REQ-0000343,Vehicle Order,Medium,14.5,N,Open,2025-04-13T19:00:00,2025-04-27T19:00:00
CRM-0000344,PORTAL-SESSION-0000344,CLI-0003,PORTAL-USER-00007,Executive Viewer,healthcare-client-03.example.com,2025-05-29T09:00:00,Phone,REQ-0000344,Vehicle Order,Low,34.4,N,Pending Client,2025-05-29T09:00:00,2025-06-11T09:00:00
CRM-0000345,PORTAL-SESSION-0000345,CLI-0002,PORTAL-USER-00073,Fleet Manager,utilities-client-02.example.com,2026-03-22T09:00:00,CRM Case,REQ-0000345,Invoice Query,Low,0.7,Y,Resolved,2026-03-22T09:00:00,2026-03-24T09:00:00
CRM-0000346,PORTAL-SESSION-0000346,CLI-0018,PORTAL-USER-00005,Executive Viewer,professional-services-client-18.example.com,2025-08-29T04:00:00,Email,REQ-0000346,Renewal Discussion,Critical,10.8,N,Resolved,2025-08-29T04:00:00,2025-09-12T04:00:00
CRM-0000347,PORTAL-SESSION-0000347,CLI-0001,PORTAL-USER-00084,Finance User,professional-services-client-01.example.com,2025-06-18T19:00:00,Client Portal,REQ-0000347,Report Download,Medium,8.5,N,Open,2025-06-18T19:00:00,2025-06-27T19:00:00
CRM-0000348,PORTAL-SESSION-0000348,CLI-0016,PORTAL-USER-00078,Fleet Manager,government-client-16.example.com,2025-08-07T13:00:00,Email,REQ-0000348,Report Download,Critical,4.6,N,Resolved,2025-08-07T13:00:00,2025-08-13T13:00:00
CRM-0000349,PORTAL-SESSION-0000349,CLI-0018,PORTAL-USER-00011,Executive Viewer,professional-services-client-18.example.com,2025-03-09T00:00:00,Email,REQ-0000349,Vehicle Order,Low,16.2,Y,Escalated,2025-03-09T00:00:00,2025-03-10T00:00:00
CRM-0000350,PORTAL-SESSION-0000350,CLI-0017,PORTAL-USER-00043,Executive Viewer,construction-client-17.example.com,2025-08-09T18:00:00,CRM Case,REQ-0000350,Renewal Discussion,High,30.6,N,Resolved,2025-08-09T18:00:00,2025-08-12T18:00:00
CRM-0000351,PORTAL-SESSION-0000351,CLI-0010,PORTAL-USER-00016,Finance User,government-client-10.example.com,2025-09-09T08:00:00,Email,REQ-0000351,Vehicle Order,Low,23.7,Y,Resolved,2025-09-09T08:00:00,2025-09-22T08:00:00
CRM-0000352,PORTAL-SESSION-0000352,CLI-0013,PORTAL-USER-00007,Executive Viewer,utilities-client-13.example.com,2025-02-19T00:00:00,Phone,REQ-0000352,Maintenance Query,Medium,23.2,N,Escalated,2025-02-19T00:00:00,2025-02-24T00:00:00
CRM-0000353,PORTAL-SESSION-0000353,CLI-0002,PORTAL-USER-00012,Finance User,utilities-client-02.example.com,2025-04-26T13:00:00,Client Portal,REQ-0000353,Vehicle Order,High,30.0,N,Pending Client,2025-04-26T13:00:00,2025-05-04T13:00:00
CRM-0000354,PORTAL-SESSION-0000354,CLI-0016,PORTAL-USER-00059,Fleet Manager,government-client-16.example.com,2025-04-10T06:00:00,CRM Case,REQ-0000354,Invoice Query,Medium,29.2,N,Resolved,2025-04-10T06:00:00,2025-04-23T06:00:00
CRM-0000355,PORTAL-SESSION-0000355,CLI-0015,PORTAL-USER-00078,Fleet Manager,healthcare-client-15.example.com,2025-05-27T17:00:00,Email,REQ-0000355,Maintenance Query,Critical,1.0,Y,Pending Client,2025-05-27T17:00:00,2025-06-08T17:00:00
CRM-0000356,PORTAL-SESSION-0000356,CLI-0008,PORTAL-USER-00001,Executive Viewer,government-client-08.example.com,2025-06-11T02:00:00,Phone,REQ-0000356,Invoice Query,Low,28.0,N,Escalated,2025-06-11T02:00:00,2025-06-21T02:00:00
CRM-0000357,PORTAL-SESSION-0000357,CLI-0002,PORTAL-USER-00072,Driver Coordinator,utilities-client-02.example.com,2026-05-16T22:00:00,Client Portal,REQ-0000357,Maintenance Query,Medium,34.6,N,Resolved,2026-05-16T22:00:00,2026-05-17T22:00:00
CRM-0000358,PORTAL-SESSION-0000358,CLI-0009,PORTAL-USER-00025,Driver Coordinator,professional-services-client-09.example.com,2025-06-30T12:00:00,Client Portal,REQ-0000358,Report Download,Low,20.1,N,Open,2025-06-30T12:00:00,2025-07-05T12:00:00
CRM-0000359,PORTAL-SESSION-0000359,CLI-0012,PORTAL-USER-00011,Fleet Manager,government-client-12.example.com,2025-10-06T23:00:00,Email,REQ-0000359,Maintenance Query,High,9.8,Y,Resolved,2025-10-06T23:00:00,2025-10-09T23:00:00
CRM-0000360,PORTAL-SESSION-0000360,CLI-0004,PORTAL-USER-00007,Executive Viewer,utilities-client-04.example.com,2026-04-17T12:00:00,Phone,REQ-0000360,Quote Request,Low,10.3,N,Open,2026-04-17T12:00:00,2026-04-28T12:00:00
CRM-0000361,PORTAL-SESSION-0000361,CLI-0010,PORTAL-USER-00016,Driver Coordinator,government-client-10.example.com,2025-06-13T09:00:00,Client Portal,REQ-0000361,Vehicle Order,Medium,6.5,N,Pending Client,2025-06-13T09:00:00,2025-06-22T09:00:00
CRM-0000362,PORTAL-SESSION-0000362,CLI-0013,PORTAL-USER-00006,Finance User,utilities-client-13.example.com,2025-07-21T05:00:00,Email,REQ-0000362,Report Download,Critical,24.7,N,Open,2025-07-21T05:00:00,2025-07-31T05:00:00
CRM-0000363,PORTAL-SESSION-0000363,CLI-0015,PORTAL-USER-00002,Finance User,healthcare-client-15.example.com,2025-10-01T17:00:00,Phone,REQ-0000363,Invoice Query,Medium,21.9,N,Open,2025-10-01T17:00:00,2025-10-15T17:00:00
CRM-0000364,PORTAL-SESSION-0000364,CLI-0013,PORTAL-USER-00056,Finance User,utilities-client-13.example.com,2025-05-25T22:00:00,CRM Case,REQ-0000364,Renewal Discussion,Medium,12.4,Y,Pending Client,2025-05-25T22:00:00,2025-05-28T22:00:00
CRM-0000365,PORTAL-SESSION-0000365,CLI-0002,PORTAL-USER-00078,Executive Viewer,utilities-client-02.example.com,2026-04-23T06:00:00,Email,REQ-0000365,Invoice Query,Low,18.2,N,Escalated,2026-04-23T06:00:00,2026-04-30T06:00:00
CRM-0000366,PORTAL-SESSION-0000366,CLI-0002,PORTAL-USER-00078,Executive Viewer,utilities-client-02.example.com,2025-09-16T23:00:00,Client Portal,REQ-0000366,Report Download,Medium,1.6,N,Open,2025-09-16T23:00:00,2025-09-24T23:00:00
CRM-0000367,PORTAL-SESSION-0000367,CLI-0010,PORTAL-USER-00011,Fleet Manager,government-client-10.example.com,2026-03-20T07:00:00,CRM Case,REQ-0000367,Renewal Discussion,Medium,29.2,Y,Open,2026-03-20T07:00:00,2026-03-21T07:00:00
CRM-0000368,PORTAL-SESSION-0000368,CLI-0011,PORTAL-USER-00071,Driver Coordinator,government-client-11.example.com,2025-10-03T08:00:00,Client Portal,REQ-0000368,Invoice Query,Medium,28.8,N,Pending Client,2025-10-03T08:00:00,2025-10-13T08:00:00
CRM-0000369,PORTAL-SESSION-0000369,CLI-0004,PORTAL-USER-00084,Executive Viewer,utilities-client-04.example.com,2025-02-27T19:00:00,Client Portal,REQ-0000369,Invoice Query,Critical,28.8,N,Pending Client,2025-02-27T19:00:00,2025-02-27T19:00:00
CRM-0000370,PORTAL-SESSION-0000370,CLI-0011,PORTAL-USER-00061,Fleet Manager,government-client-11.example.com,2025-04-26T19:00:00,Phone,REQ-0000370,Maintenance Query,High,13.1,N,Resolved,2025-04-26T19:00:00,2025-05-03T19:00:00
CRM-0000371,PORTAL-SESSION-0000371,CLI-0002,PORTAL-USER-00087,Finance User,utilities-client-02.example.com,2026-03-19T17:00:00,CRM Case,REQ-0000371,Quote Request,Critical,27.1,N,Escalated,2026-03-19T17:00:00,2026-03-30T17:00:00
CRM-0000372,PORTAL-SESSION-0000372,CLI-0003,PORTAL-USER-00074,Driver Coordinator,healthcare-client-03.example.com,2026-02-26T19:00:00,CRM Case,REQ-0000372,Report Download,High,15.2,Y,Escalated,2026-02-26T19:00:00,2026-03-04T19:00:00
CRM-0000373,PORTAL-SESSION-0000373,CLI-0005,PORTAL-USER-00024,Finance User,healthcare-client-05.example.com,2026-03-23T13:00:00,Email,REQ-0000373,Renewal Discussion,Critical,33.2,N,Pending Client,2026-03-23T13:00:00,2026-03-23T13:00:00
CRM-0000374,PORTAL-SESSION-0000374,CLI-0005,PORTAL-USER-00010,Driver Coordinator,healthcare-client-05.example.com,2026-01-19T12:00:00,Client Portal,REQ-0000374,Vehicle Order,High,17.6,Y,Open,2026-01-19T12:00:00,2026-01-22T12:00:00
CRM-0000375,PORTAL-SESSION-0000375,CLI-0013,PORTAL-USER-00007,Driver Coordinator,utilities-client-13.example.com,2025-09-22T12:00:00,Client Portal,REQ-0000375,Maintenance Query,Medium,1.6,Y,Pending Client,2025-09-22T12:00:00,2025-09-28T12:00:00
CRM-0000376,PORTAL-SESSION-0000376,CLI-0001,PORTAL-USER-00017,Fleet Manager,professional-services-client-01.example.com,2025-07-09T01:00:00,Phone,REQ-0000376,Invoice Query,Low,22.5,N,Open,2025-07-09T01:00:00,2025-07-22T01:00:00
CRM-0000377,PORTAL-SESSION-0000377,CLI-0007,PORTAL-USER-00076,Fleet Manager,utilities-client-07.example.com,2025-10-28T01:00:00,CRM Case,REQ-0000377,Quote Request,Medium,23.0,N,Resolved,2025-10-28T01:00:00,2025-10-30T01:00:00
CRM-0000378,PORTAL-SESSION-0000378,CLI-0001,PORTAL-USER-00044,Finance User,professional-services-client-01.example.com,2025-11-08T08:00:00,CRM Case,REQ-0000378,Maintenance Query,High,20.5,N,Pending Client,2025-11-08T08:00:00,2025-11-21T08:00:00
CRM-0000379,PORTAL-SESSION-0000379,CLI-0004,PORTAL-USER-00024,Executive Viewer,utilities-client-04.example.com,2025-10-22T20:00:00,Client Portal,REQ-0000379,Quote Request,Critical,1.6,Y,Resolved,2025-10-22T20:00:00,2025-11-05T20:00:00
CRM-0000380,PORTAL-SESSION-0000380,CLI-0016,PORTAL-USER-00085,Driver Coordinator,government-client-16.example.com,2026-04-24T09:00:00,Email,REQ-0000380,Invoice Query,Medium,1.7,N,Resolved,2026-04-24T09:00:00,2026-05-05T09:00:00
CRM-0000381,PORTAL-SESSION-0000381,CLI-0010,PORTAL-USER-00029,Fleet Manager,government-client-10.example.com,2026-04-19T10:00:00,Client Portal,REQ-0000381,Report Download,Low,22.7,N,Escalated,2026-04-19T10:00:00,2026-04-24T10:00:00
CRM-0000382,PORTAL-SESSION-0000382,CLI-0012,PORTAL-USER-00037,Driver Coordinator,government-client-12.example.com,2025-09-29T06:00:00,Email,REQ-0000382,Maintenance Query,Critical,5.7,N,Resolved,2025-09-29T06:00:00,2025-10-01T06:00:00
CRM-0000383,PORTAL-SESSION-0000383,CLI-0004,PORTAL-USER-00064,Fleet Manager,utilities-client-04.example.com,2025-09-10T19:00:00,Email,REQ-0000383,Renewal Discussion,Critical,13.7,N,Escalated,2025-09-10T19:00:00,2025-09-11T19:00:00
CRM-0000384,PORTAL-SESSION-0000384,CLI-0014,PORTAL-USER-00040,Executive Viewer,professional-services-client-14.example.com,2026-03-07T04:00:00,Client Portal,REQ-0000384,Maintenance Query,Low,10.7,N,Escalated,2026-03-07T04:00:00,2026-03-21T04:00:00
CRM-0000385,PORTAL-SESSION-0000385,CLI-0013,PORTAL-USER-00026,Driver Coordinator,utilities-client-13.example.com,2025-01-09T04:00:00,Client Portal,REQ-0000385,Invoice Query,High,1.1,N,Pending Client,2025-01-09T04:00:00,2025-01-19T04:00:00
CRM-0000386,PORTAL-SESSION-0000386,CLI-0001,PORTAL-USER-00030,Fleet Manager,professional-services-client-01.example.com,2025-02-04T14:00:00,Phone,REQ-0000386,Maintenance Query,Low,11.4,N,Resolved,2025-02-04T14:00:00,2025-02-12T14:00:00
CRM-0000387,PORTAL-SESSION-0000387,CLI-0015,PORTAL-USER-00048,Finance User,healthcare-client-15.example.com,2025-10-20T01:00:00,CRM Case,REQ-0000387,Invoice Query,High,2.8,N,Resolved,2025-10-20T01:00:00,2025-10-24T01:00:00
CRM-0000388,PORTAL-SESSION-0000388,CLI-0015,PORTAL-USER-00008,Executive Viewer,healthcare-client-15.example.com,2025-10-18T08:00:00,Email,REQ-0000388,Renewal Discussion,High,7.8,N,Escalated,2025-10-18T08:00:00,2025-10-27T08:00:00
CRM-0000389,PORTAL-SESSION-0000389,CLI-0002,PORTAL-USER-00059,Fleet Manager,utilities-client-02.example.com,2025-06-13T23:00:00,Client Portal,REQ-0000389,Renewal Discussion,Critical,15.7,N,Escalated,2025-06-13T23:00:00,2025-06-22T23:00:00
CRM-0000390,PORTAL-SESSION-0000390,CLI-0007,PORTAL-USER-00050,Fleet Manager,utilities-client-07.example.com,2025-08-08T10:00:00,CRM Case,REQ-0000390,Vehicle Order,High,25.7,Y,Resolved,2025-08-08T10:00:00,2025-08-18T10:00:00
CRM-0000391,PORTAL-SESSION-0000391,CLI-0018,PORTAL-USER-00071,Fleet Manager,professional-services-client-18.example.com,2025-08-24T12:00:00,Email,REQ-0000391,Renewal Discussion,Critical,1.9,N,Pending Client,2025-08-24T12:00:00,2025-09-04T12:00:00
CRM-0000392,PORTAL-SESSION-0000392,CLI-0016,PORTAL-USER-00012,Driver Coordinator,government-client-16.example.com,2026-03-10T15:00:00,CRM Case,REQ-0000392,Quote Request,Low,20.3,N,Open,2026-03-10T15:00:00,2026-03-19T15:00:00
CRM-0000393,PORTAL-SESSION-0000393,CLI-0012,PORTAL-USER-00031,Finance User,government-client-12.example.com,2025-08-10T15:00:00,CRM Case,REQ-0000393,Vehicle Order,Critical,7.7,N,Pending Client,2025-08-10T15:00:00,2025-08-19T15:00:00
CRM-0000394,PORTAL-SESSION-0000394,CLI-0013,PORTAL-USER-00006,Finance User,utilities-client-13.example.com,2025-05-29T08:00:00,CRM Case,REQ-0000394,Invoice Query,Medium,27.5,Y,Escalated,2025-05-29T08:00:00,2025-06-04T08:00:00
CRM-0000395,PORTAL-SESSION-0000395,CLI-0006,PORTAL-USER-00057,Executive Viewer,utilities-client-06.example.com,2025-05-13T05:00:00,CRM Case,REQ-0000395,Report Download,Medium,8.1,N,Pending Client,2025-05-13T05:00:00,2025-05-13T05:00:00
CRM-0000396,PORTAL-SESSION-0000396,CLI-0005,PORTAL-USER-00024,Fleet Manager,healthcare-client-05.example.com,2025-05-03T21:00:00,Client Portal,REQ-0000396,Invoice Query,Low,2.4,N,Pending Client,2025-05-03T21:00:00,2025-05-15T21:00:00
CRM-0000397,PORTAL-SESSION-0000397,CLI-0006,PORTAL-USER-00038,Finance User,utilities-client-06.example.com,2025-09-22T08:00:00,CRM Case,REQ-0000397,Invoice Query,Critical,23.8,N,Open,2025-09-22T08:00:00,2025-10-04T08:00:00
CRM-0000398,PORTAL-SESSION-0000398,CLI-0016,PORTAL-USER-00011,Driver Coordinator,government-client-16.example.com,2025-06-19T10:00:00,Email,REQ-0000398,Renewal Discussion,High,4.7,Y,Open,2025-06-19T10:00:00,2025-07-03T10:00:00
CRM-0000399,PORTAL-SESSION-0000399,CLI-0015,PORTAL-USER-00073,Fleet Manager,healthcare-client-15.example.com,2025-06-15T13:00:00,CRM Case,REQ-0000399,Report Download,Medium,4.6,N,Escalated,2025-06-15T13:00:00,2025-06-27T13:00:00
CRM-0000400,PORTAL-SESSION-0000400,CLI-0010,PORTAL-USER-00087,Finance User,government-client-10.example.com,2025-05-06T06:00:00,CRM Case,REQ-0000400,Maintenance Query,Medium,32.9,Y,Escalated,2025-05-06T06:00:00,2025-05-13T06:00:00
CRM-0000401,PORTAL-SESSION-0000401,CLI-0015,PORTAL-USER-00010,Executive Viewer,healthcare-client-15.example.com,2025-04-22T06:00:00,Client Portal,REQ-0000401,Maintenance Query,Critical,33.4,Y,Open,2025-04-22T06:00:00,2025-05-06T06:00:00
CRM-0000402,PORTAL-SESSION-0000402,CLI-0015,PORTAL-USER-00072,Driver Coordinator,healthcare-client-15.example.com,2025-01-02T06:00:00,Client Portal,REQ-0000402,Vehicle Order,Critical,28.7,N,Resolved,2025-01-02T06:00:00,2025-01-04T06:00:00
CRM-0000403,PORTAL-SESSION-0000403,CLI-0017,PORTAL-USER-00018,Driver Coordinator,construction-client-17.example.com,2026-02-12T09:00:00,Client Portal,REQ-0000403,Renewal Discussion,Low,23.1,N,Open,2026-02-12T09:00:00,2026-02-14T09:00:00
CRM-0000404,PORTAL-SESSION-0000404,CLI-0016,PORTAL-USER-00087,Executive Viewer,government-client-16.example.com,2025-05-19T00:00:00,Phone,REQ-0000404,Invoice Query,Medium,15.5,Y,Pending Client,2025-05-19T00:00:00,2025-05-24T00:00:00
CRM-0000405,PORTAL-SESSION-0000405,CLI-0001,PORTAL-USER-00021,Fleet Manager,professional-services-client-01.example.com,2026-03-08T13:00:00,Client Portal,REQ-0000405,Vehicle Order,Critical,7.0,N,Escalated,2026-03-08T13:00:00,2026-03-22T13:00:00
CRM-0000406,PORTAL-SESSION-0000406,CLI-0009,PORTAL-USER-00010,Driver Coordinator,professional-services-client-09.example.com,2026-04-30T13:00:00,Phone,REQ-0000406,Invoice Query,High,21.5,N,Open,2026-04-30T13:00:00,2026-05-08T13:00:00
CRM-0000407,PORTAL-SESSION-0000407,CLI-0007,PORTAL-USER-00074,Executive Viewer,utilities-client-07.example.com,2025-10-28T22:00:00,Email,REQ-0000407,Report Download,Low,9.4,Y,Open,2025-10-28T22:00:00,2025-11-06T22:00:00
CRM-0000408,PORTAL-SESSION-0000408,CLI-0011,PORTAL-USER-00002,Driver Coordinator,government-client-11.example.com,2026-02-21T10:00:00,CRM Case,REQ-0000408,Vehicle Order,Critical,27.9,Y,Resolved,2026-02-21T10:00:00,2026-02-24T10:00:00
CRM-0000409,PORTAL-SESSION-0000409,CLI-0005,PORTAL-USER-00029,Driver Coordinator,healthcare-client-05.example.com,2025-03-09T23:00:00,Phone,REQ-0000409,Quote Request,Medium,3.7,N,Open,2025-03-09T23:00:00,2025-03-14T23:00:00
CRM-0000410,PORTAL-SESSION-0000410,CLI-0010,PORTAL-USER-00030,Driver Coordinator,government-client-10.example.com,2025-10-15T10:00:00,Client Portal,REQ-0000410,Quote Request,Low,6.7,Y,Escalated,2025-10-15T10:00:00,2025-10-26T10:00:00
CRM-0000411,PORTAL-SESSION-0000411,CLI-0006,PORTAL-USER-00076,Driver Coordinator,utilities-client-06.example.com,2025-03-12T06:00:00,Phone,REQ-0000411,Invoice Query,Medium,29.8,N,Resolved,2025-03-12T06:00:00,2025-03-18T06:00:00
CRM-0000412,PORTAL-SESSION-0000412,CLI-0015,PORTAL-USER-00090,Executive Viewer,healthcare-client-15.example.com,2026-01-18T16:00:00,Client Portal,REQ-0000412,Report Download,Medium,32.7,N,Pending Client,2026-01-18T16:00:00,2026-01-25T16:00:00
CRM-0000413,PORTAL-SESSION-0000413,CLI-0017,PORTAL-USER-00084,Executive Viewer,construction-client-17.example.com,2025-11-26T17:00:00,Client Portal,REQ-0000413,Invoice Query,High,2.5,N,Escalated,2025-11-26T17:00:00,2025-12-07T17:00:00
CRM-0000414,PORTAL-SESSION-0000414,CLI-0003,PORTAL-USER-00090,Driver Coordinator,healthcare-client-03.example.com,2026-01-10T06:00:00,Email,REQ-0000414,Maintenance Query,High,16.9,N,Escalated,2026-01-10T06:00:00,2026-01-10T06:00:00
CRM-0000415,PORTAL-SESSION-0000415,CLI-0011,PORTAL-USER-00088,Executive Viewer,government-client-11.example.com,2025-09-21T13:00:00,Email,REQ-0000415,Report Download,Critical,7.0,N,Open,2025-09-21T13:00:00,2025-10-04T13:00:00
CRM-0000416,PORTAL-SESSION-0000416,CLI-0015,PORTAL-USER-00051,Fleet Manager,healthcare-client-15.example.com,2025-03-20T06:00:00,Client Portal,REQ-0000416,Report Download,Low,20.7,N,Escalated,2025-03-20T06:00:00,2025-03-21T06:00:00
CRM-0000417,PORTAL-SESSION-0000417,CLI-0013,PORTAL-USER-00001,Fleet Manager,utilities-client-13.example.com,2025-07-25T04:00:00,Phone,REQ-0000417,Invoice Query,High,32.4,Y,Escalated,2025-07-25T04:00:00,2025-07-29T04:00:00
CRM-0000418,PORTAL-SESSION-0000418,CLI-0011,PORTAL-USER-00067,Executive Viewer,government-client-11.example.com,2025-09-13T21:00:00,Email,REQ-0000418,Invoice Query,High,32.0,N,Open,2025-09-13T21:00:00,2025-09-15T21:00:00
CRM-0000419,PORTAL-SESSION-0000419,CLI-0009,PORTAL-USER-00036,Fleet Manager,professional-services-client-09.example.com,2025-08-29T13:00:00,Client Portal,REQ-0000419,Quote Request,Critical,18.9,N,Escalated,2025-08-29T13:00:00,2025-09-10T13:00:00
CRM-0000420,PORTAL-SESSION-0000420,CLI-0017,PORTAL-USER-00038,Fleet Manager,construction-client-17.example.com,2026-03-15T04:00:00,Email,REQ-0000420,Quote Request,Critical,13.8,N,Resolved,2026-03-15T04:00:00,2026-03-16T04:00:00
